SAMPLE ID,X,Y
0,437,1
1,945,1
2,405,1
3,528,1
4,650,1
5,212,1
6,568,1
7,149,1
8,868,1
9,35,1
10,51,1
11,592,1
12,798,1
13,247,1
14,817,1
15,542,1
16,102,1
17,244,1
18,514,1
19,929,1
20,550,1
21,697,1
22,67,1
23,936,1
24,594,1
25,536,1
26,51,1
27,977,1
28,138,1
29,846,1
30,68,1
31,65,1
32,38,1
33,621,1
34,738,1
35,453,1
36,10,1
37,403,1
38,424,1
39,939,1
40,205,1
41,911,1
42,365,1
43,482,1
44,566,1
45,254,1
46,799,1
47,435,1
48,328,1
49,262,1
50,973,1
51,194,1
52,978,1
53,604,1
54,704,1
55,906,1
56,971,1
57,948,1
58,526,1
59,406,1
60,670,1
61,598,1
62,429,1
63,571,1
64,647,1
65,140,1
66,970,1
67,325,1
68,422,1
69,59,1
70,725,1
71,161,1
72,537,1
73,231,1
74,648,1
75,926,1
76,384,1
77,957,1
78,433,1
79,395,1
80,484,1
81,1023,0
82,939,1
83,122,1
84,1024,0
85,833,1
86,111,1
87,240,1
88,931,1
89,902,1
90,960,1
91,608,1
92,636,1
93,203,1
94,453,1
95,989,1
96,206,1
97,463,1
98,823,1
99,824,1
100,209,1
101,314,1
102,306,1
103,81,1
104,26,1
105,577,1
106,384,1
107,987,1
108,947,1
109,536,1
110,1,1
111,610,1
112,483,1
113,284,1
114,294,1
115,615,1
116,483,1
117,849,1
118,773,1
119,140,1
120,405,1
121,200,1
122,220,1
123,154,1
124,828,1
125,103,1
126,783,1
127,880,1
128,922,1
129,35,1
130,856,1
131,493,1
132,811,1
133,109,1
134,42,1
135,761,1
136,135,1
137,586,1
138,786,1
139,120,1
140,580,1
141,564,1
142,333,1
143,104,1
144,588,1
145,368,1
146,652,1
147,235,1
148,446,1
149,645,1
150,135,1
151,481,1
152,847,1
153,90,1
154,472,1
155,738,1
156,644,1
157,440,1
158,679,1
159,1023,0
160,144,1
161,636,1
162,582,1
163,893,1
164,863,1
165,480,1
166,112,1
167,459,1
168,374,1
169,43,1
170,358,1
171,699,1
172,759,1
173,345,1
174,486,1
175,946,1
176,735,1
177,863,1
178,850,1
179,900,1
180,626,1
181,171,1
182,986,1
183,400,1
184,997,1
185,647,1
186,1005,0
187,926,1
188,497,1
189,143,1
190,420,1
191,208,1
192,134,1
193,977,1
194,873,1
195,107,1
196,1018,0
197,475,1
198,182,1
199,4,1
200,876,1
201,533,1
202,674,1
203,601,1
204,308,1
205,1017,0
206,547,1
207,961,1
208,208,1
209,18,1
210,269,1
211,166,1
212,964,1
213,697,1
214,1024,0
215,491,1
216,330,1
217,559,1
218,614,1
219,967,1
220,448,1
221,356,1
222,177,1
223,507,1
224,803,1
225,1023,0
226,921,1
227,626,1
228,757,1
229,852,1
230,150,1
231,94,1
232,150,1
233,844,1
234,65,1
235,727,1
236,164,1
237,433,1
238,825,1
239,581,1
240,761,1
241,111,1
242,746,1
243,431,1
244,396,1
245,535,1
246,228,1
247,316,1
248,909,1
249,106,1
250,745,1
251,883,1
252,979,1
253,791,1
254,58,1
255,922,1
256,794,1
257,65,1
258,532,1
259,100,1
260,118,1
261,602,1
262,182,1
263,879,1
264,565,1
265,137,1
266,386,1
267,752,1
268,816,1
269,219,1
270,669,1
271,76,1
272,86,1
273,234,1
274,85,1
275,738,1
276,311,1
277,561,1
278,663,1
279,376,1
280,140,1
281,45,1
282,872,1
283,190,1
284,806,1
285,1011,0
286,579,1
287,238,1
288,104,1
289,771,1
290,363,1
291,729,1
292,864,1
293,194,1
294,906,1
295,596,1
296,809,1
297,560,1
298,326,1
299,769,1
300,399,1
301,862,1
302,410,1
303,888,1
304,996,1
305,1013,0
306,250,1
307,934,1
308,21,1
309,405,1
310,1007,0
311,803,1
312,417,1
313,771,1
314,850,1
315,429,1
316,950,1
317,1020,0
318,85,1
319,417,1
320,681,1
321,110,1
322,142,1
323,866,1
324,985,1
325,1003,0
326,730,1
327,553,1
328,402,1
329,813,1
330,117,1
331,461,1
332,694,1
333,797,1
334,505,1
335,385,1
336,846,1
337,372,1
338,581,1
339,450,1
340,329,1
341,61,1
342,851,1
343,807,1
344,275,1
345,110,1
346,479,1
347,491,1
348,337,1
349,234,1
350,948,1
351,400,1
352,994,1
353,851,1
354,58,1
355,378,1
356,537,1
357,502,1
358,815,1
359,41,1
360,711,1
361,865,1
362,147,1
363,144,1
364,993,1
365,797,1
366,14,1
367,800,1
368,274,1
369,478,1
370,246,1
371,976,1
372,480,1
373,615,1
374,572,1
375,908,1
376,595,1
377,382,1
378,853,1
379,578,1
380,581,1
381,80,1
382,103,1
383,995,1
384,176,1
385,706,1
386,386,1
387,36,1
388,221,1
389,944,1
390,892,1
391,421,1
392,14,1
393,594,1
394,338,1
395,666,1
396,614,1
397,761,1
398,341,1
399,29,1
400,996,1
401,81,1
402,130,1
403,280,1
404,455,1
405,593,1
406,971,1
407,39,1
408,235,1
409,262,1
410,324,1
411,953,1
412,811,1
413,1000,1
414,879,1
415,967,1
416,234,1
417,387,1
418,279,1
419,793,1
420,548,1
421,143,1
422,540,1
423,139,1
424,531,1
425,637,1
426,1018,0
427,769,1
428,379,1
429,309,1
430,913,1
431,726,1
432,1008,0
433,376,1
434,264,1
435,36,1
436,352,1
437,530,1
438,248,1
439,527,1
440,67,1
441,64,1
442,912,1
443,64,1
444,228,1
445,462,1
446,683,1
447,154,1
448,379,1
449,1025,0
450,76,1
451,859,1
452,394,1
453,22,1
454,313,1
455,7,1
456,237,1
457,769,1
458,92,1
459,617,1
460,385,1
461,40,1
462,675,1
463,786,1
464,709,1
465,465,1
466,175,1
467,135,1
468,553,1
469,158,1
470,941,1
471,30,1
472,908,1
473,265,1
474,441,1
475,769,1
476,484,1
477,46,1
478,456,1
479,243,1
480,341,1
481,13,1
482,31,1
483,160,1
484,577,1
485,1018,0
486,146,1
487,239,1
488,79,1
489,331,1
490,168,1
491,794,1
492,509,1
493,292,1
494,504,1
495,265,1
496,243,1
497,949,1
498,840,1
499,395,1
500,753,1
501,437,1
502,664,1
503,192,1
504,912,1
505,329,1
506,965,1
507,748,1
508,369,1
509,33,1
510,976,1
511,402,1
512,462,1
513,914,1
514,153,1
515,425,1
516,435,1
517,478,1
518,617,1
519,876,1
520,654,1
521,303,1
522,41,1
523,907,1
524,824,1
525,1021,0
526,961,1
527,570,1
528,8,1
529,580,1
530,402,1
531,172,1
532,498,1
533,307,1
534,646,1
535,928,1
536,613,1
537,415,1
538,656,1
539,858,1
540,465,1
541,1010,0
542,698,1
543,788,1
544,95,1
545,1021,0
546,1021,0
547,420,1
548,741,1
549,1000,1
550,644,1
551,250,1
552,420,1
553,567,1
554,447,1
555,515,1
556,377,1
557,821,1
558,671,1
559,81,1
560,110,1
561,936,1
562,332,1
563,206,1
564,429,1
565,567,1
566,782,1
567,935,1
568,502,1
569,100,1
570,273,1
571,81,1
572,758,1
573,759,1
574,146,1
575,623,1
576,1,1
577,1003,0
578,99,1
579,576,1
580,153,1
581,669,1
582,323,1
583,655,1
584,760,1
585,787,1
586,34,1
587,873,1
588,260,1
589,519,1
590,169,1
591,626,1
592,600,1
593,289,1
594,1012,0
595,831,1
596,515,1
597,125,1
598,917,1
599,856,1
600,40,1
601,124,1
602,135,1
603,45,1
604,700,1
605,240,1
606,717,1
607,757,1
608,243,1
609,241,1
610,596,1
611,787,1
612,435,1
613,992,1
614,848,1
615,575,1
616,603,1
617,809,1
618,1020,0
619,181,1
620,68,1
621,759,1
622,710,1
623,480,1
624,401,1
625,401,1
626,347,1
627,266,1
628,270,1
629,876,1
630,423,1
631,581,1
632,444,1
633,748,1
634,222,1
635,521,1
636,807,1
637,417,1
638,48,1
639,978,1
640,795,1
641,506,1
642,682,1
643,664,1
644,619,1
645,207,1
646,760,1
647,664,1
648,159,1
649,332,1
650,430,1
651,510,1
652,62,1
653,263,1
654,1008,0
655,873,1
656,409,1
657,763,1
658,57,1
659,74,1
660,1014,0
661,427,1
662,896,1
663,249,1
664,172,1
665,1007,0
666,797,1
667,838,1
668,199,1
669,654,1
670,954,1
671,87,1
672,316,1
673,202,1
674,659,1
675,956,1
676,600,1
677,676,1
678,610,1
679,12,1
680,8,1
681,394,1
682,368,1
683,68,1
684,292,1
685,874,1
686,282,1
687,884,1
688,754,1
689,670,1
690,939,1
691,303,1
692,71,1
693,276,1
694,138,1
695,540,1
696,465,1
697,128,1
698,179,1
699,552,1
700,117,1
701,58,1
702,455,1
703,517,1
704,295,1
705,173,1
706,718,1
707,414,1
708,697,1
709,197,1
710,362,1
711,161,1
712,35,1
713,306,1
714,782,1
715,896,1
716,199,1
717,267,1
718,767,1
719,406,1
720,395,1
721,159,1
722,344,1
723,30,1
724,684,1
725,668,1
726,799,1
727,747,1
728,929,1
729,8,1
730,741,1
731,821,1
732,332,1
733,876,1
734,893,1
735,990,1
736,285,1
737,582,1
738,399,1
739,544,1
740,83,1
741,921,1
742,396,1
743,466,1
744,752,1
745,178,1
746,906,1
747,840,1
748,436,1
749,29,1
750,771,1
751,71,1
752,586,1
753,565,1
754,588,1
755,952,1
756,364,1
757,352,1
758,437,1
759,948,1
760,412,1
761,738,1
762,406,1
763,743,1
764,200,1
765,127,1
766,176,1
767,436,1
768,972,1
769,263,1
770,1017,0
771,486,1
772,242,1
773,816,1
774,14,1
775,11,1
776,922,1
777,147,1
778,858,1
779,415,1
780,792,1
781,176,1
782,71,1
783,527,1
784,427,1
785,489,1
786,709,1
787,902,1
788,720,1
789,316,1
790,598,1
791,368,1
792,153,1
793,735,1
794,860,1
795,84,1
796,209,1
797,369,1
798,1020,0
799,920,1
800,911,1
801,663,1
802,620,1
803,288,1
804,160,1
805,423,1
806,728,1
807,744,1
808,1011,0
809,237,1
810,619,1
811,88,1
812,149,1
813,822,1
814,742,1
815,229,1
816,414,1
817,458,1
818,127,1
819,937,1
820,268,1
821,574,1
822,587,1
823,578,1
824,448,1
825,362,1
826,455,1
827,347,1
828,923,1
829,381,1
830,276,1
831,580,1
832,281,1
833,821,1
834,666,1
835,877,1
836,209,1
837,335,1
838,989,1
839,815,1
840,381,1
841,166,1
842,745,1
843,818,1
844,242,1
845,534,1
846,545,1
847,956,1
848,975,1
849,761,1
850,338,1
851,297,1
852,579,1
853,8,1
854,161,1
855,52,1
856,653,1
857,961,1
858,917,1
859,587,1
860,950,1
861,255,1
862,177,1
863,904,1
864,371,1
865,992,1
866,274,1
867,212,1
868,890,1
869,844,1
870,288,1
871,323,1
872,758,1
873,725,1
874,647,1
875,748,1
876,375,1
877,480,1
878,931,1
879,674,1
880,928,1
881,657,1
882,525,1
883,476,1
884,545,1
885,570,1
886,520,1
887,1023,0
888,135,1
889,965,1
890,92,1
891,352,1
892,1009,0
893,689,1
894,87,1
895,274,1
896,0,1
897,227,1
898,316,1
899,395,1
900,459,1
901,472,1
902,269,1
903,950,1
904,888,1
905,885,1
906,153,1
907,163,1
908,118,1
909,144,1
910,415,1
911,492,1
912,208,1
913,642,1
914,273,1
915,333,1
916,525,1
917,712,1
918,875,1
919,741,1
920,582,1
921,545,1
922,578,1
923,938,1
924,953,1
925,387,1
926,321,1
927,550,1
928,949,1
929,839,1
930,184,1
931,617,1
932,68,1
933,342,1
934,518,1
935,469,1
936,868,1
937,257,1
938,710,1
939,96,1
940,387,1
941,704,1
942,552,1
943,133,1
944,374,1
945,72,1
946,53,1
947,476,1
948,612,1
949,951,1
950,241,1
951,727,1
952,937,1
953,424,1
954,847,1
955,390,1
956,245,1
957,374,1
958,125,1
959,849,1
960,874,1
961,128,1
962,230,1
963,977,1
964,991,1
965,57,1
966,731,1
967,35,1
968,334,1
969,747,1
970,560,1
971,377,1
972,228,1
973,971,1
974,178,1
975,550,1
976,512,1
977,969,1
978,910,1
979,462,1
980,301,1
981,196,1
982,47,1
983,177,1
984,697,1
985,83,1
986,14,1
987,554,1
988,608,1
989,55,1
990,290,1
991,69,1
992,940,1
993,207,1
994,249,1
995,508,1
996,84,1
997,28,1
998,28,1
999,904,1
1000,372,1
1001,557,1
1002,242,1
1003,29,1
1004,605,1
1005,962,1
1006,308,1
1007,752,1
1008,294,1
1009,88,1
1010,989,1
1011,105,1
1012,963,1
1013,972,1
1014,633,1
1015,590,1
1016,475,1
1017,361,1
1018,197,1
1019,614,1
1020,402,1
1021,533,1
1022,662,1
1023,53,1
1024,547,1
1025,1000,1
1026,611,1
1027,588,1
1028,647,1
1029,136,1
1030,799,1
1031,650,1
1032,890,1
1033,646,1
1034,903,1
1035,203,1
1036,135,1
1037,324,1
1038,407,1
1039,747,1
1040,613,1
1041,484,1
1042,163,1
1043,312,1
1044,76,1
1045,805,1
1046,160,1
1047,437,1
1048,350,1
1049,611,1
1050,942,1
1051,644,1
1052,38,1
1053,813,1
1054,273,1
1055,586,1
1056,237,1
1057,712,1
1058,154,1
1059,379,1
1060,29,1
1061,587,1
1062,1016,0
1063,375,1
1064,94,1
1065,678,1
1066,831,1
1067,654,1
1068,718,1
1069,791,1
1070,479,1
1071,909,1
1072,33,1
1073,218,1
1074,846,1
1075,564,1
1076,579,1
1077,770,1
1078,820,1
1079,294,1
1080,981,1
1081,244,1
1082,649,1
1083,358,1
1084,783,1
1085,807,1
1086,910,1
1087,678,1
1088,122,1
1089,630,1
1090,731,1
1091,567,1
1092,166,1
1093,875,1
1094,95,1
1095,921,1
1096,980,1
1097,0,1
1098,394,1
1099,987,1
1100,539,1
1101,654,1
1102,499,1
1103,523,1
1104,869,1
1105,342,1
1106,543,1
1107,95,1
1108,124,1
1109,853,1
1110,494,1
1111,471,1
1112,1025,0
1113,972,1
1114,12,1
1115,520,1
1116,419,1
1117,521,1
1118,147,1
1119,745,1
1120,192,1
1121,372,1
1122,582,1
1123,290,1
1124,642,1
1125,434,1
1126,996,1
1127,434,1
1128,773,1
1129,850,1
1130,246,1
1131,676,1
1132,383,1
1133,602,1
1134,521,1
1135,729,1
1136,891,1
1137,925,1
1138,789,1
1139,644,1
1140,891,1
1141,573,1
1142,646,1
1143,648,1
1144,822,1
1145,344,1
1146,427,1
1147,926,1
1148,736,1
1149,984,1
1150,913,1
1151,864,1
1152,149,1
1153,689,1
1154,410,1
1155,545,1
1156,743,1
1157,305,1
1158,589,1
1159,586,1
1160,448,1
1161,775,1
1162,369,1
1163,638,1
1164,296,1
1165,912,1
1166,780,1
1167,489,1
1168,534,1
1169,324,1
1170,787,1
1171,732,1
1172,304,1
1173,889,1
1174,1012,0
1175,69,1
1176,113,1
1177,683,1
1178,773,1
1179,614,1
1180,866,1
1181,883,1
1182,128,1
1183,107,1
1184,105,1
1185,959,1
1186,619,1
1187,717,1
1188,39,1
1189,157,1
1190,232,1
1191,782,1
1192,37,1
1193,324,1
1194,307,1
1195,579,1
1196,724,1
1197,719,1
1198,444,1
1199,385,1
1200,329,1
1201,329,1
1202,482,1
1203,296,1
1204,920,1
1205,296,1
1206,6,1
1207,534,1
1208,875,1
1209,101,1
1210,307,1
1211,586,1
1212,969,1
1213,926,1
1214,935,1
1215,955,1
1216,1022,0
1217,889,1
1218,728,1
1219,521,1
1220,995,1
1221,43,1
1222,424,1
1223,670,1
1224,473,1
1225,466,1
1226,937,1
1227,717,1
1228,517,1
1229,516,1
1230,791,1
1231,583,1
1232,238,1
1233,127,1
1234,976,1
1235,775,1
1236,923,1
1237,630,1
1238,144,1
1239,764,1
1240,555,1
1241,572,1
1242,522,1
1243,573,1
1244,350,1
1245,137,1
1246,534,1
1247,897,1
1248,573,1
1249,87,1
1250,787,1
1251,14,1
1252,1017,0
1253,624,1
1254,459,1
1255,685,1
1256,749,1
1257,64,1
1258,514,1
1259,92,1
1260,279,1
1261,557,1
1262,885,1
1263,1003,0
1264,657,1
1265,87,1
1266,15,1
1267,8,1
1268,760,1
1269,445,1
1270,991,1
1271,250,1
1272,69,1
1273,266,1
1274,81,1
1275,658,1
1276,955,1
1277,378,1
1278,970,1
1279,865,1
1280,998,1
1281,786,1
1282,229,1
1283,974,1
1284,441,1
1285,43,1
1286,56,1
1287,81,1
1288,478,1
1289,622,1
1290,488,1
1291,175,1
1292,975,1
1293,787,1
1294,845,1
1295,600,1
1296,930,1
1297,554,1
1298,270,1
1299,33,1
1300,395,1
1301,847,1
1302,509,1
1303,27,1
1304,189,1
1305,297,1
1306,753,1
1307,326,1
1308,361,1
1309,1006,0
1310,974,1
1311,437,1
1312,947,1
1313,430,1
1314,78,1
1315,517,1
1316,159,1
1317,962,1
1318,905,1
1319,261,1
1320,549,1
1321,990,1
1322,374,1
1323,34,1
1324,531,1
1325,160,1
1326,645,1
1327,992,1
1328,936,1
1329,799,1
1330,372,1
1331,923,1
1332,160,1
1333,257,1
1334,939,1
1335,989,1
1336,129,1
1337,846,1
1338,58,1
1339,348,1
1340,372,1
1341,21,1
1342,274,1
1343,667,1
1344,274,1
1345,850,1
1346,20,1
1347,377,1
1348,13,1
1349,458,1
1350,904,1
1351,957,1
1352,426,1
1353,186,1
1354,253,1
1355,644,1
1356,873,1
1357,251,1
1358,527,1
1359,808,1
1360,794,1
1361,146,1
1362,529,1
1363,293,1
1364,589,1
1365,32,1
1366,321,1
1367,684,1
1368,679,1
1369,530,1
1370,313,1
1371,473,1
1372,468,1
1373,13,1
1374,188,1
1375,145,1
1376,934,1
1377,744,1
1378,800,1
1379,21,1
1380,781,1
1381,972,1
1382,338,1
1383,112,1
1384,424,1
1385,822,1
1386,937,1
1387,270,1
1388,696,1
1389,740,1
1390,702,1
1391,182,1
1392,661,1
1393,152,1
1394,268,1
1395,998,1
1396,240,1
1397,993,1
1398,305,1
1399,103,1
1400,553,1
1401,693,1
1402,734,1
1403,292,1
1404,875,1
1405,401,1
1406,640,1
1407,848,1
1408,294,1
1409,147,1
1410,886,1
1411,16,1
1412,688,1
1413,667,1
1414,849,1
1415,985,1
1416,823,1
1417,566,1
1418,821,1
1419,455,1
1420,618,1
1421,505,1
1422,162,1
1423,434,1
1424,964,1
1425,220,1
1426,39,1
1427,946,1
1428,60,1
1429,777,1
1430,297,1
1431,706,1
1432,592,1
1433,566,1
1434,396,1
1435,79,1
1436,88,1
1437,877,1
1438,931,1
1439,178,1
1440,947,1
1441,194,1
1442,965,1
1443,309,1
1444,423,1
1445,74,1
1446,80,1
1447,450,1
1448,250,1
1449,306,1
1450,308,1
1451,802,1
1452,975,1
1453,65,1
1454,593,1
1455,721,1
1456,356,1
1457,126,1
1458,344,1
1459,706,1
1460,269,1
1461,88,1
1462,888,1
1463,205,1
1464,512,1
1465,304,1
1466,81,1
1467,885,1
1468,315,1
1469,801,1
1470,952,1
1471,752,1
1472,626,1
1473,54,1
1474,47,1
1475,138,1
1476,993,1
1477,158,1
1478,7,1
1479,987,1
1480,984,1
1481,547,1
1482,650,1
1483,630,1
1484,1004,0
1485,545,1
1486,123,1
1487,908,1
1488,198,1
1489,118,1
1490,93,1
1491,944,1
1492,734,1
1493,933,1
1494,120,1
1495,973,1
1496,155,1
1497,560,1
1498,197,1
1499,170,1
1500,215,1
1501,543,1
1502,481,1
1503,531,1
1504,899,1
1505,415,1
1506,304,1
1507,161,1
1508,111,1
1509,873,1
1510,75,1
1511,386,1
1512,689,1
1513,960,1
1514,322,1
1515,987,1
1516,612,1
1517,550,1
1518,974,1
1519,954,1
1520,649,1
1521,670,1
1522,439,1
1523,13,1
1524,882,1
1525,9,1
1526,817,1
1527,604,1
1528,702,1
1529,739,1
1530,776,1
1531,222,1
1532,756,1
1533,867,1
1534,950,1
1535,1022,0
1536,740,1
1537,1005,0
1538,440,1
1539,921,1
1540,395,1
1541,705,1
1542,239,1
1543,175,1
1544,686,1
1545,832,1
1546,773,1
1547,958,1
1548,62,1
1549,13,1
1550,495,1
1551,724,1
1552,567,1
1553,868,1
1554,691,1
1555,518,1
1556,550,1
1557,26,1
1558,347,1
1559,354,1
1560,1019,0
1561,260,1
1562,588,1
1563,552,1
1564,445,1
1565,258,1
1566,993,1
1567,426,1
1568,666,1
1569,403,1
1570,634,1
1571,410,1
1572,809,1
1573,874,1
1574,218,1
1575,27,1
1576,481,1
1577,535,1
1578,334,1
1579,12,1
1580,163,1
1581,356,1
1582,429,1
1583,174,1
1584,149,1
1585,727,1
1586,279,1
1587,437,1
1588,150,1
1589,88,1
1590,1025,0
1591,930,1
1592,939,1
1593,308,1
1594,561,1
1595,875,1
1596,657,1
1597,967,1
1598,600,1
1599,433,1
1600,80,1
1601,187,1
1602,959,1
1603,47,1
1604,841,1
1605,7,1
1606,222,1
1607,310,1
1608,762,1
1609,626,1
1610,567,1
1611,508,1
1612,605,1
1613,1006,0
1614,842,1
1615,883,1
1616,477,1
1617,283,1
1618,454,1
1619,605,1
1620,638,1
1621,725,1
1622,169,1
1623,269,1
1624,826,1
1625,877,1
1626,193,1
1627,298,1
1628,781,1
1629,85,1
1630,218,1
1631,820,1
1632,921,1
1633,696,1
1634,642,1
1635,611,1
1636,678,1
1637,206,1
1638,847,1
1639,344,1
1640,332,1
1641,566,1
1642,614,1
1643,884,1
1644,938,1
1645,589,1
1646,434,1
1647,678,1
1648,760,1
1649,856,1
1650,533,1
1651,979,1
1652,350,1
1653,20,1
1654,745,1
1655,240,1
1656,561,1
1657,830,1
1658,948,1
1659,250,1
1660,341,1
1661,266,1
1662,665,1
1663,1004,0
1664,471,1
1665,679,1
1666,924,1
1667,659,1
1668,742,1
1669,151,1
1670,59,1
1671,156,1
1672,279,1
1673,65,1
1674,263,1
1675,970,1
1676,960,1
1677,563,1
1678,114,1
1679,913,1
1680,458,1
1681,452,1
1682,814,1
1683,291,1
1684,226,1
1685,978,1
1686,783,1
1687,434,1
1688,423,1
1689,941,1
1690,535,1
1691,353,1
1692,792,1
1693,822,1
1694,192,1
1695,765,1
1696,781,1
1697,117,1
1698,642,1
1699,874,1
1700,303,1
1701,591,1
1702,692,1
1703,827,1
1704,811,1
1705,662,1
1706,252,1
1707,115,1
1708,368,1
1709,100,1
1710,152,1
1711,631,1
1712,710,1
1713,407,1
1714,236,1
1715,382,1
1716,704,1
1717,223,1
1718,107,1
1719,201,1
1720,634,1
1721,275,1
1722,140,1
1723,607,1
1724,385,1
1725,678,1
1726,781,1
1727,442,1
1728,620,1
1729,136,1
1730,324,1
1731,430,1
1732,212,1
1733,100,1
1734,819,1
1735,526,1
1736,968,1
1737,223,1
1738,883,1
1739,936,1
1740,228,1
1741,905,1
1742,547,1
1743,760,1
1744,459,1
1745,607,1
1746,908,1
1747,475,1
1748,281,1
1749,662,1
1750,962,1
1751,306,1
1752,648,1
1753,130,1
1754,570,1
1755,582,1
1756,15,1
1757,124,1
1758,121,1
1759,773,1
1760,152,1
1761,404,1
1762,209,1
1763,376,1
1764,25,1
1765,831,1
1766,223,1
1767,900,1
1768,1007,0
1769,167,1
1770,973,1
1771,121,1
1772,974,1
1773,352,1
1774,49,1
1775,413,1
1776,793,1
1777,264,1
1778,28,1
1779,374,1
1780,20,1
1781,866,1
1782,314,1
1783,349,1
1784,547,1
1785,254,1
1786,909,1
1787,172,1
1788,778,1
1789,616,1
1790,605,1
1791,184,1
1792,902,1
1793,419,1
1794,59,1
1795,153,1
1796,559,1
1797,678,1
1798,958,1
1799,340,1
1800,51,1
1801,698,1
1802,523,1
1803,91,1
1804,4,1
1805,182,1
1806,514,1
1807,778,1
1808,377,1
1809,630,1
1810,863,1
1811,462,1
1812,662,1
1813,836,1
1814,575,1
1815,961,1
1816,763,1
1817,701,1
1818,935,1
1819,668,1
1820,753,1
1821,614,1
1822,817,1
1823,133,1
1824,293,1
1825,368,1
1826,852,1
1827,782,1
1828,504,1
1829,99,1
1830,173,1
1831,221,1
1832,357,1
1833,996,1
1834,488,1
1835,295,1
1836,738,1
1837,172,1
1838,401,1
1839,237,1
1840,587,1
1841,434,1
1842,316,1
1843,183,1
1844,86,1
1845,249,1
1846,473,1
1847,36,1
1848,577,1
1849,1003,0
1850,579,1
1851,698,1
1852,955,1
1853,563,1
1854,428,1
1855,56,1
1856,916,1
1857,713,1
1858,897,1
1859,353,1
1860,782,1
1861,217,1
1862,108,1
1863,280,1
1864,816,1
1865,875,1
1866,322,1
1867,770,1
1868,393,1
1869,270,1
1870,844,1
1871,638,1
1872,986,1
1873,524,1
1874,360,1
1875,609,1
1876,219,1
1877,70,1
1878,298,1
1879,114,1
1880,76,1
1881,202,1
1882,154,1
1883,416,1
1884,749,1
1885,109,1
1886,204,1
1887,556,1
1888,780,1
1889,686,1
1890,288,1
1891,807,1
1892,838,1
1893,967,1
1894,199,1
1895,739,1
1896,943,1
1897,513,1
1898,111,1
1899,926,1
1900,802,1
1901,497,1
1902,597,1
1903,878,1
1904,253,1
1905,625,1
1906,186,1
1907,540,1
1908,152,1
1909,370,1
1910,419,1
1911,644,1
1912,566,1
1913,593,1
1914,303,1
1915,594,1
1916,579,1
1917,662,1
1918,753,1
1919,711,1
1920,1016,0
1921,433,1
1922,31,1
1923,552,1
1924,682,1
1925,900,1
1926,904,1
1927,135,1
1928,483,1
1929,1002,0
1930,721,1
1931,667,1
1932,605,1
1933,275,1
1934,19,1
1935,183,1
1936,217,1
1937,827,1
1938,648,1
1939,861,1
1940,464,1
1941,905,1
1942,436,1
1943,0,1
1944,499,1
1945,357,1
1946,797,1
1947,874,1
1948,339,1
1949,140,1
1950,621,1
1951,910,1
1952,291,1
1953,353,1
1954,348,1
1955,761,1
1956,59,1
1957,7,1
1958,413,1
1959,482,1
1960,915,1
1961,191,1
1962,321,1
1963,244,1
1964,14,1
1965,93,1
1966,958,1
1967,1006,0
1968,162,1
1969,653,1
1970,649,1
1971,972,1
1972,62,1
1973,1004,0
1974,877,1
1975,434,1
1976,375,1
1977,244,1
1978,910,1
1979,799,1
1980,365,1
1981,189,1
1982,980,1
1983,21,1
1984,860,1
1985,166,1
1986,598,1
1987,596,1
1988,463,1
1989,628,1
1990,296,1
1991,875,1
1992,645,1
1993,408,1
1994,819,1
1995,271,1
1996,622,1
1997,101,1
1998,78,1
1999,306,1
2000,507,1
2001,671,1
2002,293,1
2003,500,1
2004,995,1
2005,186,1
2006,365,1
2007,942,1
2008,303,1
2009,40,1
2010,409,1
2011,604,1
2012,852,1
2013,978,1
2014,294,1
2015,954,1
2016,133,1
2017,242,1
2018,539,1
2019,427,1
2020,473,1
2021,558,1
2022,283,1
2023,52,1
2024,691,1
2025,830,1
2026,199,1
2027,555,1
2028,1020,0
2029,166,1
2030,257,1
2031,190,1
2032,275,1
2033,456,1
2034,729,1
2035,527,1
2036,774,1
2037,108,1
2038,398,1
2039,353,1
2040,801,1
2041,870,1
2042,0,1
2043,270,1
2044,1011,0
2045,817,1
2046,90,1
2047,68,1
2048,726,1
2049,293,1
2050,531,1
2051,896,1
2052,926,1
2053,425,1
2054,297,1
2055,362,1
2056,644,1
2057,972,1
2058,509,1
2059,681,1
2060,91,1
2061,958,1
2062,508,1
2063,70,1
2064,888,1
2065,410,1
2066,375,1
2067,785,1
2068,847,1
2069,933,1
2070,385,1
2071,999,1
2072,560,1
2073,849,1
2074,890,1
2075,9,1
2076,575,1
2077,500,1
2078,895,1
2079,234,1
2080,536,1
2081,586,1
2082,948,1
2083,412,1
2084,29,1
2085,1020,0
2086,1019,0
2087,464,1
2088,39,1
2089,533,1
2090,155,1
2091,891,1
2092,215,1
2093,1004,0
2094,750,1
2095,177,1
2096,185,1
2097,27,1
2098,913,1
2099,788,1
2100,955,1
2101,133,1
2102,726,1
2103,357,1
2104,160,1
2105,907,1
2106,108,1
2107,241,1
2108,472,1
2109,61,1
2110,364,1
2111,766,1
2112,461,1
2113,540,1
2114,402,1
2115,78,1
2116,353,1
2117,674,1
2118,207,1
2119,16,1
2120,318,1
2121,99,1
2122,176,1
2123,181,1
2124,701,1
2125,751,1
2126,79,1
2127,886,1
2128,624,1
2129,811,1
2130,759,1
2131,823,1
2132,1008,0
2133,376,1
2134,273,1
2135,682,1
2136,449,1
2137,744,1
2138,727,1
2139,263,1
2140,170,1
2141,152,1
2142,616,1
2143,326,1
2144,275,1
2145,872,1
2146,700,1
2147,664,1
2148,894,1
2149,206,1
2150,547,1
2151,409,1
2152,236,1
2153,665,1
2154,173,1
2155,459,1
2156,147,1
2157,144,1
2158,7,1
2159,134,1
2160,33,1
2161,864,1
2162,224,1
2163,794,1
2164,296,1
2165,275,1
2166,456,1
2167,4,1
2168,170,1
2169,671,1
2170,206,1
2171,111,1
2172,198,1
2173,863,1
2174,469,1
2175,97,1
2176,553,1
2177,420,1
2178,325,1
2179,535,1
2180,422,1
2181,301,1
2182,141,1
2183,218,1
2184,96,1
2185,115,1
2186,476,1
2187,866,1
2188,277,1
2189,479,1
2190,700,1
2191,344,1
2192,290,1
2193,987,1
2194,117,1
2195,938,1
2196,116,1
2197,502,1
2198,537,1
2199,694,1
2200,819,1
2201,546,1
2202,954,1
2203,891,1
2204,231,1
2205,824,1
2206,546,1
2207,842,1
2208,64,1
2209,547,1
2210,273,1
2211,371,1
2212,391,1
2213,190,1
2214,708,1
2215,4,1
2216,105,1
2217,142,1
2218,551,1
2219,872,1
2220,835,1
2221,922,1
2222,945,1
2223,944,1
2224,920,1
2225,182,1
2226,825,1
2227,71,1
2228,996,1
2229,174,1
2230,442,1
2231,808,1
2232,364,1
2233,817,1
2234,1001,0
2235,752,1
2236,267,1
2237,574,1
2238,361,1
2239,45,1
2240,675,1
2241,547,1
2242,380,1
2243,82,1
2244,199,1
2245,592,1
2246,168,1
2247,496,1
2248,34,1
2249,74,1
2250,873,1
2251,318,1
2252,772,1
2253,264,1
2254,868,1
2255,253,1
2256,390,1
2257,163,1
2258,561,1
2259,489,1
2260,647,1
2261,16,1
2262,505,1
2263,641,1
2264,186,1
2265,646,1
2266,455,1
2267,62,1
2268,509,1
2269,258,1
2270,203,1
2271,404,1
2272,214,1
2273,729,1
2274,6,1
2275,144,1
2276,180,1
2277,506,1
2278,892,1
2279,407,1
2280,907,1
2281,55,1
2282,331,1
2283,548,1
2284,117,1
2285,246,1
2286,998,1
2287,993,1
2288,528,1
2289,333,1
2290,629,1
2291,932,1
2292,433,1
2293,572,1
2294,351,1
2295,336,1
2296,826,1
2297,377,1
2298,995,1
2299,281,1
2300,293,1
2301,419,1
2302,619,1
2303,587,1
2304,566,1
2305,353,1
2306,146,1
2307,746,1
2308,777,1
2309,239,1
2310,688,1
2311,274,1
2312,84,1
2313,218,1
2314,17,1
2315,115,1
2316,515,1
2317,974,1
2318,767,1
2319,220,1
2320,190,1
2321,931,1
2322,174,1
2323,500,1
2324,1024,0
2325,529,1
2326,197,1
2327,245,1
2328,935,1
2329,255,1
2330,789,1
2331,243,1
2332,897,1
2333,719,1
2334,802,1
2335,837,1
2336,692,1
2337,347,1
2338,46,1
2339,305,1
2340,756,1
2341,345,1
2342,90,1
2343,325,1
2344,484,1
2345,473,1
2346,856,1
2347,494,1
2348,430,1
2349,680,1
2350,65,1
2351,131,1
2352,4,1
2353,51,1
2354,170,1
2355,150,1
2356,879,1
2357,843,1
2358,430,1
2359,679,1
2360,514,1
2361,146,1
2362,731,1
2363,705,1
2364,488,1
2365,101,1
2366,937,1
2367,888,1
2368,695,1
2369,178,1
2370,10,1
2371,285,1
2372,601,1
2373,692,1
2374,188,1
2375,575,1
2376,112,1
2377,556,1
2378,872,1
2379,677,1
2380,310,1
2381,516,1
2382,559,1
2383,283,1
2384,700,1
2385,743,1
2386,870,1
2387,495,1
2388,692,1
2389,246,1
2390,770,1
2391,962,1
2392,699,1
2393,528,1
2394,898,1
2395,695,1
2396,996,1
2397,707,1
2398,670,1
2399,51,1
2400,936,1
2401,367,1
2402,826,1
2403,716,1
2404,319,1
2405,41,1
2406,1017,0
2407,205,1
2408,1022,0
2409,260,1
2410,251,1
2411,848,1
2412,427,1
2413,121,1
2414,1020,0
2415,86,1
2416,542,1
2417,331,1
2418,303,1
2419,1009,0
2420,843,1
2421,33,1
2422,725,1
2423,757,1
2424,717,1
2425,416,1
2426,858,1
2427,468,1
2428,303,1
2429,543,1
2430,387,1
2431,761,1
2432,718,1
2433,31,1
2434,358,1
2435,589,1
2436,356,1
2437,762,1
2438,487,1
2439,873,1
2440,703,1
2441,869,1
2442,756,1
2443,626,1
2444,661,1
2445,911,1
2446,858,1
2447,484,1
2448,342,1
2449,838,1
2450,409,1
2451,513,1
2452,60,1
2453,971,1
2454,237,1
2455,876,1
2456,516,1
2457,454,1
2458,435,1
2459,262,1
2460,521,1
2461,550,1
2462,592,1
2463,802,1
2464,552,1
2465,996,1
2466,488,1
2467,261,1
2468,783,1
2469,606,1
2470,74,1
2471,477,1
2472,537,1
2473,837,1
2474,335,1
2475,9,1
2476,120,1
2477,12,1
2478,172,1
2479,61,1
2480,963,1
2481,296,1
2482,48,1
2483,175,1
2484,334,1
2485,819,1
2486,567,1
2487,931,1
2488,766,1
2489,322,1
2490,792,1
2491,126,1
2492,44,1
2493,537,1
2494,413,1
2495,235,1
2496,59,1
2497,1023,0
2498,263,1
2499,514,1
2500,79,1
2501,1005,0
2502,955,1
2503,967,1
2504,153,1
2505,147,1
2506,464,1
2507,330,1
2508,721,1
2509,654,1
2510,460,1
2511,8,1
2512,25,1
2513,947,1
2514,1025,0
2515,660,1
2516,297,1
2517,822,1
2518,433,1
2519,475,1
2520,694,1
2521,36,1
2522,95,1
2523,994,1
2524,201,1
2525,543,1
2526,747,1
2527,933,1
2528,68,1
2529,284,1
2530,455,1
2531,390,1
2532,1015,0
2533,296,1
2534,285,1
2535,188,1
2536,115,1
2537,916,1
2538,595,1
2539,987,1
2540,713,1
2541,747,1
2542,63,1
2543,884,1
2544,481,1
2545,542,1
2546,324,1
2547,593,1
2548,486,1
2549,219,1
2550,380,1
2551,502,1
2552,642,1
2553,998,1
2554,782,1
2555,666,1
2556,432,1
2557,862,1
2558,726,1
2559,209,1
2560,699,1
2561,938,1
2562,430,1
2563,913,1
2564,507,1
2565,286,1
2566,337,1
2567,445,1
2568,871,1
2569,16,1
2570,612,1
2571,2,1
2572,729,1
2573,593,1
2574,682,1
2575,518,1
2576,62,1
2577,505,1
2578,901,1
2579,527,1
2580,607,1
2581,1002,0
2582,466,1
2583,500,1
2584,866,1
2585,911,1
2586,799,1
2587,962,1
2588,810,1
2589,561,1
2590,947,1
2591,133,1
2592,356,1
2593,6,1
2594,626,1
2595,913,1
2596,881,1
2597,491,1
2598,445,1
2599,766,1
2600,10,1
2601,690,1
2602,453,1
2603,728,1
2604,966,1
2605,833,1
2606,813,1
2607,99,1
2608,235,1
2609,703,1
2610,34,1
2611,692,1
2612,760,1
2613,238,1
2614,354,1
2615,243,1
2616,1022,0
2617,93,1
2618,962,1
2619,864,1
2620,636,1
2621,986,1
2622,538,1
2623,42,1
2624,100,1
2625,41,1
2626,640,1
2627,1015,0
2628,516,1
2629,261,1
2630,150,1
2631,327,1
2632,197,1
2633,503,1
2634,694,1
2635,326,1
2636,224,1
2637,379,1
2638,36,1
2639,898,1
2640,429,1
2641,348,1
2642,422,1
2643,765,1
2644,127,1
2645,14,1
2646,198,1
2647,71,1
2648,274,1
2649,598,1
2650,607,1
2651,364,1
2652,136,1
2653,695,1
2654,917,1
2655,585,1
2656,629,1
2657,946,1
2658,594,1
2659,973,1
2660,698,1
2661,215,1
2662,232,1
2663,537,1
2664,820,1
2665,521,1
2666,815,1
2667,57,1
2668,603,1
2669,674,1
2670,854,1
2671,184,1
2672,67,1
2673,673,1
2674,867,1
2675,48,1
2676,522,1
2677,161,1
2678,462,1
2679,730,1
2680,589,1
2681,278,1
2682,879,1
2683,989,1
2684,890,1
2685,764,1
2686,765,1
2687,350,1
2688,772,1
2689,499,1
2690,877,1
2691,78,1
2692,209,1
2693,161,1
2694,303,1
2695,665,1
2696,872,1
2697,642,1
2698,656,1
2699,870,1
2700,531,1
2701,333,1
2702,458,1
2703,858,1
2704,384,1
2705,48,1
2706,335,1
2707,235,1
2708,697,1
2709,868,1
2710,389,1
2711,667,1
2712,102,1
2713,716,1
2714,928,1
2715,905,1
2716,499,1
2717,562,1
2718,960,1
2719,397,1
2720,655,1
2721,869,1
2722,652,1
2723,628,1
2724,587,1
2725,528,1
2726,814,1
2727,257,1
2728,888,1
2729,561,1
2730,855,1
2731,261,1
2732,280,1
2733,246,1
2734,290,1
2735,657,1
2736,47,1
2737,207,1
2738,449,1
2739,165,1
2740,916,1
2741,205,1
2742,166,1
2743,673,1
2744,913,1
2745,901,1
2746,93,1
2747,38,1
2748,877,1
2749,618,1
2750,651,1
2751,163,1
2752,519,1
2753,500,1
2754,310,1
2755,772,1
2756,316,1
2757,346,1
2758,1024,0
2759,5,1
2760,9,1
2761,874,1
2762,339,1
2763,168,1
2764,592,1
2765,635,1
2766,1022,0
2767,544,1
2768,449,1
2769,34,1
2770,178,1
2771,485,1
2772,651,1
2773,1012,0
2774,955,1
2775,800,1
2776,145,1
2777,384,1
2778,133,1
2779,123,1
2780,430,1
2781,7,1
2782,270,1
2783,24,1
2784,334,1
2785,454,1
2786,631,1
2787,606,1
2788,722,1
2789,408,1
2790,575,1
2791,442,1
2792,762,1
2793,700,1
2794,1014,0
2795,915,1
2796,754,1
2797,972,1
2798,810,1
2799,70,1
2800,1004,0
2801,445,1
2802,975,1
2803,623,1
2804,262,1
2805,114,1
2806,469,1
2807,403,1
2808,974,1
2809,776,1
2810,494,1
2811,1002,0
2812,413,1
2813,834,1
2814,367,1
2815,98,1
2816,346,1
2817,963,1
2818,1017,0
2819,693,1
2820,601,1
2821,120,1
2822,947,1
2823,582,1
2824,47,1
2825,990,1
2826,265,1
2827,418,1
2828,75,1
2829,325,1
2830,874,1
2831,890,1
2832,477,1
2833,229,1
2834,1010,0
2835,919,1
2836,634,1
2837,304,1
2838,851,1
2839,68,1
2840,398,1
2841,433,1
2842,366,1
2843,985,1
2844,574,1
2845,162,1
2846,895,1
2847,124,1
2848,294,1
2849,785,1
2850,231,1
2851,228,1
2852,413,1
2853,895,1
2854,935,1
2855,73,1
2856,776,1
2857,596,1
2858,637,1
2859,167,1
2860,616,1
2861,125,1
2862,13,1
2863,372,1
2864,160,1
2865,941,1
2866,558,1
2867,517,1
2868,363,1
2869,651,1
2870,773,1
2871,756,1
2872,952,1
2873,834,1
2874,617,1
2875,368,1
2876,414,1
2877,847,1
2878,487,1
2879,235,1
2880,981,1
2881,764,1
2882,315,1
2883,576,1
2884,1008,0
2885,173,1
2886,932,1
2887,342,1
2888,309,1
2889,765,1
2890,662,1
2891,428,1
2892,612,1
2893,967,1
2894,499,1
2895,637,1
2896,868,1
2897,423,1
2898,953,1
2899,648,1
2900,430,1
2901,80,1
2902,935,1
2903,817,1
2904,744,1
2905,73,1
2906,86,1
2907,484,1
2908,455,1
2909,78,1
2910,289,1
2911,827,1
2912,673,1
2913,415,1
2914,997,1
2915,616,1
2916,242,1
2917,323,1
2918,709,1
2919,842,1
2920,624,1
2921,741,1
2922,691,1
2923,246,1
2924,551,1
2925,425,1
2926,681,1
2927,7,1
2928,1025,0
2929,791,1
2930,432,1
2931,638,1
2932,789,1
2933,709,1
2934,669,1
2935,104,1
2936,578,1
2937,923,1
2938,872,1
2939,362,1
2940,37,1
2941,111,1
2942,796,1
2943,219,1
2944,925,1
2945,477,1
2946,621,1
2947,442,1
2948,483,1
2949,21,1
2950,225,1
2951,1002,0
2952,260,1
2953,138,1
2954,446,1
2955,991,1
2956,55,1
2957,57,1
2958,505,1
2959,309,1
2960,191,1
2961,521,1
2962,631,1
2963,268,1
2964,559,1
2965,973,1
2966,305,1
2967,89,1
2968,950,1
2969,793,1
2970,1001,0
2971,267,1
2972,842,1
2973,422,1
2974,175,1
2975,398,1
2976,231,1
2977,763,1
2978,646,1
2979,917,1
2980,864,1
2981,656,1
2982,65,1
2983,582,1
2984,519,1
2985,524,1
2986,563,1
2987,941,1
2988,468,1
2989,222,1
2990,831,1
2991,885,1
2992,493,1
2993,868,1
2994,824,1
2995,710,1
2996,841,1
2997,668,1
2998,507,1
2999,834,1
3000,407,1
3001,370,1
3002,2,1
3003,647,1
3004,62,1
3005,943,1
3006,625,1
3007,530,1
3008,406,1
3009,711,1
3010,351,1
3011,433,1
3012,998,1
3013,349,1
3014,455,1
3015,715,1
3016,107,1
3017,774,1
3018,953,1
3019,583,1
3020,685,1
3021,672,1
3022,754,1
3023,827,1
3024,770,1
3025,940,1
3026,814,1
3027,78,1
3028,772,1
3029,117,1
3030,711,1
3031,466,1
3032,553,1
3033,325,1
3034,907,1
3035,694,1
3036,368,1
3037,882,1
3038,1024,0
3039,881,1
3040,613,1
3041,448,1
3042,601,1
3043,824,1
3044,63,1
3045,549,1
3046,529,1
3047,426,1
3048,97,1
3049,767,1
3050,84,1
3051,596,1
3052,50,1
3053,383,1
3054,848,1
3055,251,1
3056,882,1
3057,679,1
3058,456,1
3059,447,1
3060,974,1
3061,249,1
3062,549,1
3063,625,1
3064,726,1
3065,191,1
3066,220,1
3067,90,1
3068,1010,0
3069,829,1
3070,227,1
3071,282,1
3072,783,1
3073,999,1
3074,76,1
3075,157,1
3076,315,1
3077,108,1
3078,473,1
3079,391,1
3080,627,1
3081,664,1
3082,72,1
3083,142,1
3084,485,1
3085,669,1
3086,246,1
3087,1,1
3088,324,1
3089,500,1
3090,600,1
3091,541,1
3092,101,1
3093,639,1
3094,904,1
3095,530,1
3096,382,1
3097,731,1
3098,139,1
3099,811,1
3100,516,1
3101,627,1
3102,961,1
3103,916,1
3104,1023,0
3105,709,1
3106,316,1
3107,481,1
3108,599,1
3109,755,1
3110,912,1
3111,746,1
3112,380,1
3113,654,1
3114,423,1
3115,553,1
3116,443,1
3117,144,1
3118,877,1
3119,224,1
3120,913,1
3121,176,1
3122,94,1
3123,984,1
3124,31,1
3125,375,1
3126,965,1
3127,47,1
3128,712,1
3129,384,1
3130,577,1
3131,971,1
3132,407,1
3133,301,1
3134,76,1
3135,988,1
3136,771,1
3137,428,1
3138,789,1
3139,1019,0
3140,908,1
3141,1,1
3142,190,1
3143,233,1
3144,79,1
3145,386,1
3146,501,1
3147,352,1
3148,245,1
3149,861,1
3150,490,1
3151,866,1
3152,961,1
3153,7,1
3154,360,1
3155,330,1
3156,877,1
3157,997,1
3158,417,1
3159,921,1
3160,309,1
3161,944,1
3162,407,1
3163,984,1
3164,615,1
3165,297,1
3166,383,1
3167,184,1
3168,909,1
3169,824,1
3170,729,1
3171,141,1
3172,629,1
3173,400,1
3174,444,1
3175,972,1
3176,717,1
3177,499,1
3178,695,1
3179,759,1
3180,323,1
3181,938,1
3182,687,1
3183,632,1
3184,975,1
3185,624,1
3186,532,1
3187,292,1
3188,192,1
3189,964,1
3190,13,1
3191,969,1
3192,592,1
3193,997,1
3194,633,1
3195,90,1
3196,395,1
3197,174,1
3198,653,1
3199,553,1
3200,678,1
3201,557,1
3202,435,1
3203,462,1
3204,767,1
3205,140,1
3206,914,1
3207,929,1
3208,949,1
3209,924,1
3210,937,1
3211,629,1
3212,377,1
3213,204,1
3214,880,1
3215,556,1
3216,656,1
3217,789,1
3218,847,1
3219,567,1
3220,753,1
3221,562,1
3222,355,1
3223,148,1
3224,595,1
3225,734,1
3226,118,1
3227,218,1
3228,146,1
3229,410,1
3230,304,1
3231,553,1
3232,985,1
3233,93,1
3234,784,1
3235,1004,0
3236,413,1
3237,616,1
3238,618,1
3239,22,1
3240,898,1
3241,65,1
3242,200,1
3243,443,1
3244,136,1
3245,876,1
3246,45,1
3247,527,1
3248,685,1
3249,770,1
3250,610,1
3251,946,1
3252,780,1
3253,677,1
3254,120,1
3255,1018,0
3256,171,1
3257,743,1
3258,729,1
3259,740,1
3260,923,1
3261,81,1
3262,569,1
3263,385,1
3264,917,1
3265,1005,0
3266,992,1
3267,106,1
3268,360,1
3269,919,1
3270,947,1
3271,913,1
3272,392,1
3273,349,1
3274,494,1
3275,674,1
3276,718,1
3277,344,1
3278,975,1
3279,899,1
3280,151,1
3281,762,1
3282,219,1
3283,551,1
3284,461,1
3285,600,1
3286,354,1
3287,931,1
3288,622,1
3289,644,1
3290,771,1
3291,547,1
3292,668,1
3293,802,1
3294,311,1
3295,36,1
3296,141,1
3297,655,1
3298,763,1
3299,612,1
3300,371,1
3301,591,1
3302,128,1
3303,827,1
3304,615,1
3305,985,1
3306,855,1
3307,765,1
3308,343,1
3309,784,1
3310,42,1
3311,376,1
3312,542,1
3313,553,1
3314,37,1
3315,581,1
3316,410,1
3317,559,1
3318,765,1
3319,188,1
3320,979,1
3321,474,1
3322,396,1
3323,37,1
3324,558,1
3325,912,1
3326,57,1
3327,634,1
3328,134,1
3329,1005,0
3330,848,1
3331,42,1
3332,477,1
3333,24,1
3334,903,1
3335,797,1
3336,945,1
3337,96,1
3338,744,1
3339,966,1
3340,60,1
3341,434,1
3342,1023,0
3343,66,1
3344,739,1
3345,691,1
3346,224,1
3347,289,1
3348,707,1
3349,181,1
3350,935,1
3351,980,1
3352,957,1
3353,767,1
3354,403,1
3355,690,1
3356,820,1
3357,440,1
3358,189,1
3359,508,1
3360,355,1
3361,748,1
3362,902,1
3363,883,1
3364,164,1
3365,237,1
3366,151,1
3367,184,1
3368,233,1
3369,615,1
3370,86,1
3371,214,1
3372,892,1
3373,974,1
3374,932,1
3375,812,1
3376,739,1
3377,658,1
3378,686,1
3379,961,1
3380,112,1
3381,721,1
3382,477,1
3383,872,1
3384,714,1
3385,326,1
3386,791,1
3387,974,1
3388,0,1
3389,106,1
3390,608,1
3391,516,1
3392,266,1
3393,173,1
3394,91,1
3395,164,1
3396,222,1
3397,344,1
3398,290,1
3399,296,1
3400,814,1
3401,105,1
3402,957,1
3403,416,1
3404,183,1
3405,251,1
3406,289,1
3407,262,1
3408,142,1
3409,742,1
3410,66,1
3411,671,1
3412,734,1
3413,603,1
3414,320,1
3415,181,1
3416,482,1
3417,442,1
3418,327,1
3419,202,1
3420,324,1
3421,528,1
3422,425,1
3423,404,1
3424,420,1
3425,210,1
3426,601,1
3427,923,1
3428,1010,0
3429,616,1
3430,54,1
3431,128,1
3432,863,1
3433,447,1
3434,683,1
3435,955,1
3436,554,1
3437,776,1
3438,997,1
3439,753,1
3440,753,1
3441,809,1
3442,774,1
3443,1015,0
3444,48,1
3445,579,1
3446,171,1
3447,704,1
3448,739,1
3449,527,1
3450,953,1
3451,662,1
3452,1000,1
3453,908,1
3454,335,1
3455,578,1
3456,351,1
3457,68,1
3458,830,1
3459,174,1
3460,902,1
3461,204,1
3462,882,1
3463,340,1
3464,427,1
3465,369,1
3466,380,1
3467,223,1
3468,602,1
3469,388,1
3470,125,1
3471,368,1
3472,115,1
3473,104,1
3474,101,1
3475,616,1
3476,503,1
3477,190,1
3478,111,1
3479,269,1
3480,49,1
3481,502,1
3482,489,1
3483,1012,0
3484,798,1
3485,740,1
3486,177,1
3487,880,1
3488,1018,0
3489,962,1
3490,391,1
3491,715,1
3492,972,1
3493,918,1
3494,162,1
3495,843,1
3496,182,1
3497,365,1
3498,219,1
3499,156,1
3500,61,1
3501,934,1
3502,855,1
3503,169,1
3504,868,1
3505,646,1
3506,566,1
3507,761,1
3508,859,1
3509,167,1
3510,619,1
3511,949,1
3512,468,1
3513,849,1
3514,474,1
3515,20,1
3516,425,1
3517,560,1
3518,542,1
3519,960,1
3520,303,1
3521,730,1
3522,386,1
3523,209,1
3524,678,1
3525,4,1
3526,490,1
3527,380,1
3528,1,1
3529,113,1
3530,309,1
3531,691,1
3532,497,1
3533,476,1
3534,23,1
3535,607,1
3536,73,1
3537,419,1
3538,826,1
3539,379,1
3540,773,1
3541,307,1
3542,671,1
3543,306,1
3544,487,1
3545,45,1
3546,942,1
3547,646,1
3548,241,1
3549,335,1
3550,393,1
3551,103,1
3552,309,1
3553,1012,0
3554,921,1
3555,174,1
3556,464,1
3557,779,1
3558,129,1
3559,246,1
3560,471,1
3561,200,1
3562,616,1
3563,840,1
3564,484,1
3565,791,1
3566,266,1
3567,928,1
3568,944,1
3569,253,1
3570,839,1
3571,646,1
3572,134,1
3573,288,1
3574,95,1
3575,999,1
3576,835,1
3577,703,1
3578,922,1
3579,16,1
3580,135,1
3581,256,1
3582,620,1
3583,333,1
3584,728,1
3585,792,1
3586,348,1
3587,700,1
3588,583,1
3589,576,1
3590,512,1
3591,235,1
3592,943,1
3593,637,1
3594,329,1
3595,297,1
3596,667,1
3597,692,1
3598,633,1
3599,355,1
3600,684,1
3601,749,1
3602,339,1
3603,97,1
3604,661,1
3605,322,1
3606,1019,0
3607,150,1
3608,736,1
3609,563,1
3610,492,1
3611,301,1
3612,98,1
3613,566,1
3614,306,1
3615,209,1
3616,120,1
3617,647,1
3618,263,1
3619,67,1
3620,924,1
3621,996,1
3622,833,1
3623,238,1
3624,991,1
3625,1009,0
3626,868,1
3627,299,1
3628,183,1
3629,90,1
3630,930,1
3631,989,1
3632,992,1
3633,568,1
3634,624,1
3635,586,1
3636,725,1
3637,639,1
3638,366,1
3639,832,1
3640,954,1
3641,595,1
3642,919,1
3643,648,1
3644,607,1
3645,124,1
3646,228,1
3647,155,1
3648,490,1
3649,202,1
3650,1000,1
3651,752,1
3652,452,1
3653,139,1
3654,972,1
3655,311,1
3656,485,1
3657,1006,0
3658,877,1
3659,688,1
3660,526,1
3661,216,1
3662,100,1
3663,745,1
3664,316,1
3665,924,1
3666,501,1
3667,385,1
3668,875,1
3669,1018,0
3670,991,1
3671,411,1
3672,170,1
3673,214,1
3674,791,1
3675,344,1
3676,324,1
3677,259,1
3678,1006,0
3679,150,1
3680,716,1
3681,306,1
3682,205,1
3683,182,1
3684,381,1
3685,508,1
3686,724,1
3687,478,1
3688,833,1
3689,428,1
3690,173,1
3691,650,1
3692,597,1
3693,386,1
3694,183,1
3695,136,1
3696,965,1
3697,422,1
3698,672,1
3699,397,1
3700,486,1
3701,1025,0
3702,464,1
3703,547,1
3704,511,1
3705,312,1
3706,108,1
3707,109,1
3708,768,1
3709,842,1
3710,724,1
3711,820,1
3712,725,1
3713,439,1
3714,532,1
3715,518,1
3716,666,1
3717,421,1
3718,63,1
3719,370,1
3720,1006,0
3721,938,1
3722,854,1
3723,747,1
3724,35,1
3725,972,1
3726,834,1
3727,141,1
3728,900,1
3729,722,1
3730,21,1
3731,432,1
3732,408,1
3733,378,1
3734,615,1
3735,719,1
3736,302,1
3737,910,1
3738,921,1
3739,962,1
3740,336,1
3741,283,1
3742,185,1
3743,171,1
3744,750,1
3745,402,1
3746,230,1
3747,268,1
3748,345,1
3749,150,1
3750,149,1
3751,193,1
3752,864,1
3753,200,1
3754,909,1
3755,726,1
3756,532,1
3757,629,1
3758,626,1
3759,840,1
3760,814,1
3761,381,1
3762,560,1
3763,752,1
3764,599,1
3765,884,1
3766,163,1
3767,726,1
3768,789,1
3769,289,1
3770,540,1
3771,927,1
3772,142,1
3773,99,1
3774,551,1
3775,63,1
3776,744,1
3777,586,1
3778,293,1
3779,65,1
3780,782,1
3781,447,1
3782,160,1
3783,932,1
3784,504,1
3785,776,1
3786,404,1
3787,404,1
3788,390,1
3789,934,1
3790,871,1
3791,354,1
3792,749,1
3793,18,1
3794,697,1
3795,909,1
3796,159,1
3797,1016,0
3798,532,1
3799,876,1
3800,169,1
3801,420,1
3802,926,1
3803,735,1
3804,337,1
3805,590,1
3806,177,1
3807,1008,0
3808,332,1
3809,260,1
3810,272,1
3811,709,1
3812,276,1
3813,719,1
3814,204,1
3815,307,1
3816,855,1
3817,470,1
3818,679,1
3819,292,1
3820,938,1
3821,419,1
3822,957,1
3823,605,1
3824,763,1
3825,551,1
3826,726,1
3827,110,1
3828,477,1
3829,387,1
3830,532,1
3831,221,1
3832,922,1
3833,518,1
3834,515,1
3835,854,1
3836,962,1
3837,976,1
3838,241,1
3839,85,1
3840,111,1
3841,931,1
3842,64,1
3843,311,1
3844,318,1
3845,442,1
3846,590,1
3847,34,1
3848,959,1
3849,822,1
3850,441,1
3851,494,1
3852,657,1
3853,492,1
3854,462,1
3855,690,1
3856,735,1
3857,881,1
3858,641,1
3859,563,1
3860,218,1
3861,156,1
3862,904,1
3863,346,1
3864,141,1
3865,981,1
3866,116,1
3867,932,1
3868,526,1
3869,576,1
3870,308,1
3871,290,1
3872,188,1
3873,523,1
3874,769,1
3875,948,1
3876,52,1
3877,686,1
3878,183,1
3879,571,1
3880,224,1
3881,83,1
3882,486,1
3883,762,1
3884,679,1
3885,863,1
3886,565,1
3887,912,1
3888,299,1
3889,915,1
3890,867,1
3891,326,1
3892,497,1
3893,857,1
3894,712,1
3895,31,1
3896,364,1
3897,667,1
3898,477,1
3899,862,1
3900,979,1
3901,478,1
3902,15,1
3903,796,1
3904,793,1
3905,673,1
3906,811,1
3907,465,1
3908,897,1
3909,181,1
3910,773,1
3911,125,1
3912,528,1
3913,204,1
3914,174,1
3915,650,1
3916,913,1
3917,944,1
3918,582,1
3919,741,1
3920,345,1
3921,387,1
3922,238,1
3923,1023,0
3924,881,1
3925,143,1
3926,27,1
3927,204,1
3928,696,1
3929,895,1
3930,827,1
3931,997,1
3932,629,1
3933,473,1
3934,32,1
3935,370,1
3936,593,1
3937,709,1
3938,390,1
3939,360,1
3940,107,1
3941,713,1
3942,51,1
3943,751,1
3944,169,1
3945,513,1
3946,669,1
3947,166,1
3948,131,1
3949,663,1
3950,930,1
3951,305,1
3952,763,1
3953,629,1
3954,505,1
3955,877,1
3956,353,1
3957,123,1
3958,954,1
3959,747,1
3960,630,1
3961,408,1
3962,1000,1
3963,671,1
3964,696,1
3965,295,1
3966,551,1
3967,480,1
3968,267,1
3969,534,1
3970,488,1
3971,153,1
3972,239,1
3973,173,1
3974,448,1
3975,549,1
3976,130,1
3977,932,1
3978,148,1
3979,800,1
3980,242,1
3981,801,1
3982,587,1
3983,236,1
3984,911,1
3985,403,1
3986,1013,0
3987,915,1
3988,337,1
3989,771,1
3990,912,1
3991,154,1
3992,681,1
3993,863,1
3994,557,1
3995,43,1
3996,935,1
3997,855,1
3998,767,1
3999,118,1
4000,898,1
4001,285,1
4002,414,1
4003,107,1
4004,420,1
4005,61,1
4006,941,1
4007,42,1
4008,411,1
4009,179,1
4010,734,1
4011,498,1
4012,870,1
4013,334,1
4014,708,1
4015,586,1
4016,778,1
4017,677,1
4018,578,1
4019,77,1
4020,317,1
4021,137,1
4022,417,1
4023,566,1
4024,161,1
4025,229,1
4026,735,1
4027,17,1
4028,155,1
4029,677,1
4030,134,1
4031,122,1
4032,553,1
4033,95,1
4034,989,1
4035,446,1
4036,830,1
4037,971,1
4038,506,1
4039,822,1
4040,960,1
4041,522,1
4042,85,1
4043,283,1
4044,474,1
4045,821,1
4046,827,1
4047,718,1
4048,328,1
4049,877,1
4050,695,1
4051,899,1
4052,897,1
4053,97,1
4054,672,1
4055,637,1
4056,547,1
4057,776,1
4058,93,1
4059,214,1
4060,209,1
4061,854,1
4062,890,1
4063,577,1
4064,464,1
4065,915,1
4066,264,1
4067,395,1
4068,454,1
4069,345,1
4070,519,1
4071,819,1
4072,615,1
4073,851,1
4074,546,1
4075,146,1
4076,257,1
4077,102,1
4078,405,1
4079,68,1
4080,427,1
4081,540,1
4082,352,1
4083,83,1
4084,137,1
4085,279,1
4086,851,1
4087,840,1
4088,202,1
4089,147,1
4090,685,1
4091,57,1
4092,883,1
4093,711,1
4094,176,1
4095,395,1
4096,746,1
4097,903,1
4098,246,1
4099,236,1
4100,875,1
4101,381,1
4102,276,1
4103,812,1
4104,313,1
4105,388,1
4106,569,1
4107,322,1
4108,767,1
4109,180,1
4110,143,1
4111,940,1
4112,966,1
4113,446,1
4114,667,1
4115,330,1
4116,474,1
4117,910,1
4118,259,1
4119,350,1
4120,906,1
4121,271,1
4122,72,1
4123,800,1
4124,825,1
4125,178,1
4126,383,1
4127,961,1
4128,814,1
4129,746,1
4130,12,1
4131,1001,0
4132,198,1
4133,623,1
4134,789,1
4135,736,1
4136,259,1
4137,810,1
4138,430,1
4139,360,1
4140,292,1
4141,491,1
4142,197,1
4143,454,1
4144,741,1
4145,841,1
4146,579,1
4147,197,1
4148,360,1
4149,924,1
4150,433,1
4151,507,1
4152,1019,0
4153,708,1
4154,409,1
4155,879,1
4156,627,1
4157,763,1
4158,641,1
4159,166,1
4160,731,1
4161,656,1
4162,890,1
4163,713,1
4164,525,1
4165,750,1
4166,1002,0
4167,549,1
4168,363,1
4169,893,1
4170,947,1
4171,16,1
4172,232,1
4173,417,1
4174,316,1
4175,743,1
4176,272,1
4177,297,1
4178,751,1
4179,386,1
4180,628,1
4181,181,1
4182,850,1
4183,830,1
4184,371,1
4185,881,1
4186,397,1
4187,324,1
4188,259,1
4189,847,1
4190,433,1
4191,346,1
4192,364,1
4193,55,1
4194,229,1
4195,859,1
4196,43,1
4197,938,1
4198,844,1
4199,556,1
4200,610,1
4201,911,1
4202,750,1
4203,486,1
4204,389,1
4205,477,1
4206,643,1
4207,63,1
4208,494,1
4209,614,1
4210,185,1
4211,380,1
4212,888,1
4213,443,1
4214,558,1
4215,631,1
4216,208,1
4217,627,1
4218,222,1
4219,100,1
4220,467,1
4221,838,1
4222,501,1
4223,130,1
4224,290,1
4225,842,1
4226,238,1
4227,894,1
4228,532,1
4229,319,1
4230,638,1
4231,756,1
4232,894,1
4233,101,1
4234,513,1
4235,650,1
4236,362,1
4237,586,1
4238,660,1
4239,110,1
4240,194,1
4241,91,1
4242,425,1
4243,235,1
4244,279,1
4245,824,1
4246,192,1
4247,33,1
4248,469,1
4249,34,1
4250,61,1
4251,243,1
4252,651,1
4253,567,1
4254,918,1
4255,115,1
4256,347,1
4257,21,1
4258,124,1
4259,505,1
4260,178,1
4261,520,1
4262,195,1
4263,296,1
4264,318,1
4265,900,1
4266,967,1
4267,628,1
4268,586,1
4269,944,1
4270,379,1
4271,802,1
4272,76,1
4273,759,1
4274,965,1
4275,935,1
4276,192,1
4277,401,1
4278,689,1
4279,970,1
4280,954,1
4281,261,1
4282,257,1
4283,248,1
4284,186,1
4285,253,1
4286,70,1
4287,623,1
4288,449,1
4289,288,1
4290,116,1
4291,786,1
4292,475,1
4293,523,1
4294,839,1
4295,395,1
4296,837,1
4297,294,1
4298,655,1
4299,895,1
4300,290,1
4301,407,1
4302,803,1
4303,287,1
4304,949,1
4305,13,1
4306,124,1
4307,681,1
4308,197,1
4309,7,1
4310,344,1
4311,849,1
4312,106,1
4313,495,1
4314,327,1
4315,126,1
4316,719,1
4317,517,1
4318,39,1
4319,729,1
4320,269,1
4321,751,1
4322,395,1
4323,42,1
4324,343,1
4325,393,1
4326,356,1
4327,519,1
4328,727,1
4329,80,1
4330,815,1
4331,782,1
4332,796,1
4333,959,1
4334,607,1
4335,403,1
4336,800,1
4337,361,1
4338,956,1
4339,961,1
4340,724,1
4341,307,1
4342,796,1
4343,825,1
4344,216,1
4345,817,1
4346,606,1
4347,461,1
4348,477,1
4349,890,1
4350,379,1
4351,260,1
4352,592,1
4353,35,1
4354,326,1
4355,196,1
4356,842,1
4357,80,1
4358,995,1
4359,389,1
4360,619,1
4361,433,1
4362,457,1
4363,58,1
4364,609,1
4365,134,1
4366,484,1
4367,990,1
4368,1025,0
4369,368,1
4370,991,1
4371,351,1
4372,1020,0
4373,163,1
4374,510,1
4375,522,1
4376,518,1
4377,74,1
4378,63,1
4379,618,1
4380,178,1
4381,105,1
4382,3,1
4383,376,1
4384,747,1
4385,564,1
4386,575,1
4387,135,1
4388,280,1
4389,848,1
4390,64,1
4391,257,1
4392,899,1
4393,116,1
4394,447,1
4395,820,1
4396,570,1
4397,939,1
4398,633,1
4399,348,1
4400,938,1
4401,178,1
4402,877,1
4403,450,1
4404,323,1
4405,1010,0
4406,167,1
4407,559,1
4408,966,1
4409,103,1
4410,627,1
4411,154,1
4412,463,1
4413,297,1
4414,906,1
4415,974,1
4416,418,1
4417,579,1
4418,218,1
4419,68,1
4420,410,1
4421,584,1
4422,1008,0
4423,324,1
4424,587,1
4425,29,1
4426,873,1
4427,414,1
4428,308,1
4429,389,1
4430,250,1
4431,242,1
4432,281,1
4433,759,1
4434,768,1
4435,913,1
4436,214,1
4437,572,1
4438,780,1
4439,252,1
4440,657,1
4441,680,1
4442,191,1
4443,653,1
4444,528,1
4445,114,1
4446,995,1
4447,929,1
4448,212,1
4449,360,1
4450,853,1
4451,753,1
4452,374,1
4453,908,1
4454,897,1
4455,326,1
4456,700,1
4457,836,1
4458,899,1
4459,377,1
4460,710,1
4461,895,1
4462,6,1
4463,657,1
4464,475,1
4465,826,1
4466,465,1
4467,931,1
4468,188,1
4469,40,1
4470,621,1
4471,28,1
4472,712,1
4473,60,1
4474,294,1
4475,247,1
4476,413,1
4477,269,1
4478,722,1
4479,975,1
4480,866,1
4481,823,1
4482,722,1
4483,535,1
4484,642,1
4485,698,1
4486,496,1
4487,106,1
4488,667,1
4489,200,1
4490,753,1
4491,834,1
4492,968,1
4493,747,1
4494,725,1
4495,1006,0
4496,1004,0
4497,358,1
4498,520,1
4499,11,1
4500,649,1
4501,722,1
4502,32,1
4503,231,1
4504,544,1
4505,135,1
4506,264,1
4507,369,1
4508,510,1
4509,483,1
4510,573,1
4511,315,1
4512,117,1
4513,323,1
4514,150,1
4515,633,1
4516,864,1
4517,466,1
4518,19,1
4519,346,1
4520,497,1
4521,1000,1
4522,390,1
4523,685,1
4524,178,1
4525,134,1
4526,75,1
4527,511,1
4528,2,1
4529,673,1
4530,107,1
4531,111,1
4532,425,1
4533,1004,0
4534,774,1
4535,256,1
4536,487,1
4537,631,1
4538,867,1
4539,304,1
4540,630,1
4541,188,1
4542,441,1
4543,718,1
4544,768,1
4545,980,1
4546,730,1
4547,436,1
4548,815,1
4549,620,1
4550,885,1
4551,967,1
4552,530,1
4553,336,1
4554,467,1
4555,381,1
4556,136,1
4557,444,1
4558,682,1
4559,61,1
4560,582,1
4561,773,1
4562,950,1
4563,1002,0
4564,111,1
4565,66,1
4566,782,1
4567,242,1
4568,500,1
4569,216,1
4570,607,1
4571,911,1
4572,128,1
4573,384,1
4574,881,1
4575,878,1
4576,437,1
4577,569,1
4578,238,1
4579,396,1
4580,126,1
4581,363,1
4582,945,1
4583,15,1
4584,516,1
4585,952,1
4586,559,1
4587,816,1
4588,783,1
4589,349,1
4590,864,1
4591,543,1
4592,370,1
4593,557,1
4594,171,1
4595,722,1
4596,301,1
4597,894,1
4598,282,1
4599,670,1
4600,560,1
4601,5,1
4602,491,1
4603,741,1
4604,80,1
4605,741,1
4606,875,1
4607,401,1
4608,246,1
4609,333,1
4610,29,1
4611,434,1
4612,772,1
4613,100,1
4614,132,1
4615,656,1
4616,522,1
4617,654,1
4618,595,1
4619,875,1
4620,26,1
4621,841,1
4622,689,1
4623,760,1
4624,209,1
4625,823,1
4626,526,1
4627,517,1
4628,613,1
4629,184,1
4630,673,1
4631,666,1
4632,506,1
4633,878,1
4634,708,1
4635,466,1
4636,634,1
4637,353,1
4638,637,1
4639,90,1
4640,355,1
4641,502,1
4642,26,1
4643,935,1
4644,760,1
4645,537,1
4646,774,1
4647,218,1
4648,939,1
4649,609,1
4650,871,1
4651,631,1
4652,596,1
4653,425,1
4654,885,1
4655,423,1
4656,736,1
4657,731,1
4658,559,1
4659,120,1
4660,511,1
4661,695,1
4662,932,1
4663,789,1
4664,733,1
4665,755,1
4666,496,1
4667,324,1
4668,318,1
4669,176,1
4670,73,1
4671,225,1
4672,803,1
4673,438,1
4674,750,1
4675,612,1
4676,697,1
4677,871,1
4678,194,1
4679,84,1
4680,632,1
4681,1012,0
4682,291,1
4683,229,1
4684,497,1
4685,835,1
4686,518,1
4687,5,1
4688,603,1
4689,509,1
4690,342,1
4691,176,1
4692,500,1
4693,662,1
4694,1018,0
4695,291,1
4696,371,1
4697,814,1
4698,149,1
4699,619,1
4700,658,1
4701,508,1
4702,876,1
4703,613,1
4704,1008,0
4705,49,1
4706,870,1
4707,676,1
4708,523,1
4709,342,1
4710,376,1
4711,198,1
4712,640,1
4713,988,1
4714,430,1
4715,387,1
4716,159,1
4717,905,1
4718,774,1
4719,530,1
4720,185,1
4721,859,1
4722,721,1
4723,217,1
4724,998,1
4725,190,1
4726,284,1
4727,920,1
4728,652,1
4729,596,1
4730,594,1
4731,246,1
4732,809,1
4733,433,1
4734,1012,0
4735,526,1
4736,738,1
4737,370,1
4738,24,1
4739,485,1
4740,685,1
4741,105,1
4742,862,1
4743,165,1
4744,371,1
4745,490,1
4746,818,1
4747,563,1
4748,1019,0
4749,985,1
4750,1018,0
4751,1013,0
4752,49,1
4753,97,1
4754,37,1
4755,803,1
4756,338,1
4757,951,1
4758,434,1
4759,303,1
4760,983,1
4761,885,1
4762,659,1
4763,56,1
4764,116,1
4765,342,1
4766,87,1
4767,265,1
4768,848,1
4769,691,1
4770,176,1
4771,183,1
4772,71,1
4773,744,1
4774,999,1
4775,318,1
4776,486,1
4777,50,1
4778,209,1
4779,304,1
4780,359,1
4781,34,1
4782,485,1
4783,274,1
4784,694,1
4785,523,1
4786,461,1
4787,853,1
4788,236,1
4789,517,1
4790,85,1
4791,554,1
4792,91,1
4793,825,1
4794,258,1
4795,453,1
4796,386,1
4797,726,1
4798,617,1
4799,871,1
4800,705,1
4801,708,1
4802,146,1
4803,648,1
4804,765,1
4805,742,1
4806,779,1
4807,674,1
4808,601,1
4809,872,1
4810,431,1
4811,251,1
4812,516,1
4813,1023,0
4814,47,1
4815,87,1
4816,52,1
4817,340,1
4818,587,1
4819,626,1
4820,893,1
4821,502,1
4822,170,1
4823,817,1
4824,133,1
4825,172,1
4826,366,1
4827,393,1
4828,413,1
4829,910,1
4830,106,1
4831,337,1
4832,451,1
4833,86,1
4834,299,1
4835,364,1
4836,273,1
4837,803,1
4838,160,1
4839,16,1
4840,977,1
4841,573,1
4842,377,1
4843,268,1
4844,972,1
4845,647,1
4846,754,1
4847,516,1
4848,982,1
4849,816,1
4850,69,1
4851,313,1
4852,27,1
4853,707,1
4854,151,1
4855,467,1
4856,478,1
4857,809,1
4858,985,1
4859,819,1
4860,628,1
4861,663,1
4862,53,1
4863,709,1
4864,402,1
4865,438,1
4866,719,1
4867,371,1
4868,734,1
4869,67,1
4870,290,1
4871,700,1
4872,463,1
4873,796,1
4874,969,1
4875,425,1
4876,923,1
4877,454,1
4878,870,1
4879,640,1
4880,223,1
4881,1024,0
4882,555,1
4883,897,1
4884,621,1
4885,303,1
4886,729,1
4887,829,1
4888,326,1
4889,514,1
4890,283,1
4891,247,1
4892,762,1
4893,213,1
4894,94,1
4895,546,1
4896,821,1
4897,344,1
4898,530,1
4899,102,1
4900,431,1
4901,361,1
4902,382,1
4903,719,1
4904,876,1
4905,593,1
4906,702,1
4907,963,1
4908,421,1
4909,542,1
4910,120,1
4911,834,1
4912,290,1
4913,326,1
4914,38,1
4915,918,1
4916,997,1
4917,988,1
4918,446,1
4919,130,1
4920,867,1
4921,579,1
4922,1009,0
4923,524,1
4924,593,1
4925,457,1
4926,368,1
4927,261,1
4928,886,1
4929,830,1
4930,312,1
4931,323,1
4932,949,1
4933,663,1
4934,846,1
4935,912,1
4936,904,1
4937,268,1
4938,704,1
4939,305,1
4940,335,1
4941,490,1
4942,696,1
4943,607,1
4944,435,1
4945,537,1
4946,500,1
4947,20,1
4948,341,1
4949,876,1
4950,820,1
4951,840,1
4952,557,1
4953,687,1
4954,186,1
4955,356,1
4956,974,1
4957,924,1
4958,405,1
4959,950,1
4960,1018,0
4961,51,1
4962,437,1
4963,695,1
4964,86,1
4965,311,1
4966,608,1
4967,435,1
4968,327,1
4969,687,1
4970,738,1
4971,320,1
4972,138,1
4973,917,1
4974,201,1
4975,875,1
4976,506,1
4977,426,1
4978,38,1
4979,61,1
4980,374,1
4981,221,1
4982,335,1
4983,131,1
4984,895,1
4985,911,1
4986,801,1
4987,360,1
4988,679,1
4989,596,1
4990,772,1
4991,148,1
4992,864,1
4993,608,1
4994,994,1
4995,520,1
4996,522,1
4997,800,1
4998,1003,0
4999,816,1
5000,179,1
5001,27,1
5002,368,1
5003,355,1
5004,473,1
5005,807,1
5006,890,1
5007,824,1
5008,195,1
5009,48,1
5010,77,1
5011,881,1
5012,141,1
5013,155,1
5014,932,1
5015,310,1
5016,328,1
5017,634,1
5018,328,1
5019,485,1
5020,288,1
5021,480,1
5022,835,1
5023,238,1
5024,582,1
5025,136,1
5026,982,1
5027,928,1
5028,960,1
5029,971,1
5030,228,1
5031,909,1
5032,313,1
5033,562,1
5034,497,1
5035,850,1
5036,1023,0
5037,182,1
5038,956,1
5039,971,1
5040,325,1
5041,527,1
5042,573,1
5043,82,1
5044,378,1
5045,789,1
5046,81,1
5047,789,1
5048,99,1
5049,112,1
5050,998,1
5051,5,1
5052,785,1
5053,186,1
5054,399,1
5055,552,1
5056,813,1
5057,663,1
5058,250,1
5059,50,1
5060,106,1
5061,797,1
5062,938,1
5063,615,1
5064,536,1
5065,987,1
5066,12,1
5067,123,1
5068,726,1
5069,294,1
5070,401,1
5071,964,1
5072,567,1
5073,429,1
5074,701,1
5075,242,1
5076,643,1
5077,402,1
5078,525,1
5079,65,1
5080,442,1
5081,964,1
5082,517,1
5083,602,1
5084,480,1
5085,553,1
5086,125,1
5087,801,1
5088,59,1
5089,204,1
5090,344,1
5091,939,1
5092,673,1
5093,662,1
5094,850,1
5095,908,1
5096,23,1
5097,776,1
5098,0,1
5099,72,1
5100,563,1
5101,914,1
5102,978,1
5103,824,1
5104,332,1
5105,923,1
5106,127,1
5107,33,1
5108,130,1
5109,631,1
5110,661,1
5111,201,1
5112,628,1
5113,263,1
5114,673,1
5115,988,1
5116,376,1
5117,865,1
5118,306,1
5119,514,1
5120,260,1
5121,266,1
5122,542,1
5123,63,1
5124,559,1
5125,156,1
5126,106,1
5127,330,1
5128,212,1
5129,722,1
5130,247,1
5131,273,1
5132,225,1
5133,420,1
5134,644,1
5135,191,1
5136,393,1
5137,170,1
5138,477,1
5139,768,1
5140,888,1
5141,784,1
5142,213,1
5143,640,1
5144,447,1
5145,18,1
5146,698,1
5147,80,1
5148,551,1
5149,895,1
5150,700,1
5151,945,1
5152,110,1
5153,560,1
5154,163,1
5155,600,1
5156,853,1
5157,784,1
5158,420,1
5159,660,1
5160,190,1
5161,451,1
5162,823,1
5163,270,1
5164,325,1
5165,986,1
5166,1016,0
5167,493,1
5168,432,1
5169,463,1
5170,287,1
5171,486,1
5172,983,1
5173,196,1
5174,590,1
5175,346,1
5176,141,1
5177,211,1
5178,186,1
5179,788,1
5180,593,1
5181,123,1
5182,789,1
5183,568,1
5184,880,1
5185,461,1
5186,966,1
5187,628,1
5188,833,1
5189,574,1
5190,758,1
5191,731,1
5192,73,1
5193,860,1
5194,331,1
5195,224,1
5196,378,1
5197,213,1
5198,88,1
5199,425,1
5200,640,1
5201,772,1
5202,470,1
5203,74,1
5204,627,1
5205,878,1
5206,339,1
5207,814,1
5208,994,1
5209,968,1
5210,762,1
5211,877,1
5212,70,1
5213,659,1
5214,811,1
5215,155,1
5216,509,1
5217,974,1
5218,992,1
5219,255,1
5220,945,1
5221,136,1
5222,129,1
5223,421,1
5224,424,1
5225,437,1
5226,915,1
5227,419,1
5228,622,1
5229,1,1
5230,424,1
5231,215,1
5232,466,1
5233,76,1
5234,186,1
5235,661,1
5236,143,1
5237,868,1
5238,204,1
5239,201,1
5240,666,1
5241,979,1
5242,662,1
5243,344,1
5244,817,1
5245,196,1
5246,335,1
5247,758,1
5248,359,1
5249,390,1
5250,403,1
5251,358,1
5252,168,1
5253,612,1
5254,901,1
5255,816,1
5256,398,1
5257,1016,0
5258,568,1
5259,361,1
5260,589,1
5261,347,1
5262,661,1
5263,931,1
5264,459,1
5265,94,1
5266,773,1
5267,493,1
5268,652,1
5269,1000,1
5270,595,1
5271,276,1
5272,497,1
5273,748,1
5274,912,1
5275,241,1
5276,639,1
5277,696,1
5278,418,1
5279,84,1
5280,660,1
5281,959,1
5282,99,1
5283,698,1
5284,931,1
5285,752,1
5286,219,1
5287,1019,0
5288,822,1
5289,959,1
5290,798,1
5291,995,1
5292,857,1
5293,957,1
5294,205,1
5295,149,1
5296,982,1
5297,375,1
5298,746,1
5299,346,1
5300,553,1
5301,23,1
5302,303,1
5303,618,1
5304,974,1
5305,623,1
5306,1011,0
5307,343,1
5308,266,1
5309,710,1
5310,465,1
5311,349,1
5312,474,1
5313,442,1
5314,834,1
5315,141,1
5316,501,1
5317,955,1
5318,893,1
5319,487,1
5320,285,1
5321,112,1
5322,776,1
5323,880,1
5324,814,1
5325,419,1
5326,908,1
5327,243,1
5328,410,1
5329,405,1
5330,447,1
5331,542,1
5332,364,1
5333,590,1
5334,196,1
5335,27,1
5336,664,1
5337,979,1
5338,101,1
5339,596,1
5340,126,1
5341,613,1
5342,292,1
5343,738,1
5344,669,1
5345,917,1
5346,627,1
5347,133,1
5348,934,1
5349,679,1
5350,813,1
5351,73,1
5352,129,1
5353,374,1
5354,226,1
5355,929,1
5356,104,1
5357,683,1
5358,972,1
5359,31,1
5360,26,1
5361,745,1
5362,76,1
5363,433,1
5364,854,1
5365,737,1
5366,823,1
5367,836,1
5368,252,1
5369,877,1
5370,877,1
5371,703,1
5372,288,1
5373,364,1
5374,81,1
5375,495,1
5376,902,1
5377,107,1
5378,646,1
5379,565,1
5380,830,1
5381,621,1
5382,470,1
5383,225,1
5384,195,1
5385,302,1
5386,616,1
5387,560,1
5388,874,1
5389,74,1
5390,367,1
5391,474,1
5392,583,1
5393,169,1
5394,248,1
5395,117,1
5396,719,1
5397,538,1
5398,863,1
5399,997,1
5400,159,1
5401,999,1
5402,962,1
5403,867,1
5404,292,1
5405,380,1
5406,756,1
5407,365,1
5408,563,1
5409,881,1
5410,308,1
5411,418,1
5412,801,1
5413,617,1
5414,697,1
5415,933,1
5416,398,1
5417,366,1
5418,782,1
5419,339,1
5420,69,1
5421,445,1
5422,90,1
5423,235,1
5424,699,1
5425,224,1
5426,985,1
5427,286,1
5428,710,1
5429,406,1
5430,919,1
5431,288,1
5432,595,1
5433,586,1
5434,137,1
5435,456,1
5436,735,1
5437,294,1
5438,418,1
5439,260,1
5440,42,1
5441,292,1
5442,853,1
5443,385,1
5444,135,1
5445,422,1
5446,171,1
5447,478,1
5448,253,1
5449,192,1
5450,422,1
5451,13,1
5452,263,1
5453,101,1
5454,652,1
5455,592,1
5456,212,1
5457,853,1
5458,935,1
5459,479,1
5460,544,1
5461,440,1
5462,812,1
5463,750,1
5464,303,1
5465,538,1
5466,240,1
5467,164,1
5468,457,1
5469,887,1
5470,9,1
5471,761,1
5472,69,1
5473,898,1
5474,298,1
5475,110,1
5476,667,1
5477,250,1
5478,602,1
5479,7,1
5480,251,1
5481,518,1
5482,620,1
5483,865,1
5484,384,1
5485,138,1
5486,599,1
5487,202,1
5488,128,1
5489,438,1
5490,547,1
5491,439,1
5492,481,1
5493,13,1
5494,575,1
5495,510,1
5496,954,1
5497,954,1
5498,68,1
5499,208,1
5500,25,1
5501,412,1
5502,165,1
5503,170,1
5504,378,1
5505,890,1
5506,667,1
5507,687,1
5508,129,1
5509,63,1
5510,246,1
5511,551,1
5512,851,1
5513,410,1
5514,778,1
5515,550,1
5516,75,1
5517,692,1
5518,720,1
5519,467,1
5520,559,1
5521,906,1
5522,858,1
5523,192,1
5524,161,1
5525,426,1
5526,896,1
5527,431,1
5528,461,1
5529,529,1
5530,633,1
5531,487,1
5532,991,1
5533,611,1
5534,885,1
5535,53,1
5536,180,1
5537,619,1
5538,730,1
5539,775,1
5540,308,1
5541,452,1
5542,371,1
5543,375,1
5544,382,1
5545,715,1
5546,305,1
5547,809,1
5548,155,1
5549,149,1
5550,23,1
5551,918,1
5552,457,1
5553,583,1
5554,834,1
5555,810,1
5556,141,1
5557,157,1
5558,166,1
5559,99,1
5560,596,1
5561,820,1
5562,268,1
5563,363,1
5564,291,1
5565,299,1
5566,505,1
5567,931,1
5568,81,1
5569,173,1
5570,2,1
5571,731,1
5572,815,1
5573,967,1
5574,881,1
5575,584,1
5576,84,1
5577,389,1
5578,285,1
5579,490,1
5580,930,1
5581,601,1
5582,23,1
5583,629,1
5584,354,1
5585,568,1
5586,797,1
5587,393,1
5588,907,1
5589,710,1
5590,1024,0
5591,998,1
5592,822,1
5593,422,1
5594,406,1
5595,540,1
5596,408,1
5597,657,1
5598,866,1
5599,863,1
5600,476,1
5601,6,1
5602,725,1
5603,925,1
5604,416,1
5605,393,1
5606,650,1
5607,248,1
5608,102,1
5609,246,1
5610,1005,0
5611,888,1
5612,477,1
5613,979,1
5614,959,1
5615,975,1
5616,527,1
5617,63,1
5618,388,1
5619,726,1
5620,801,1
5621,691,1
5622,859,1
5623,900,1
5624,36,1
5625,976,1
5626,36,1
5627,441,1
5628,272,1
5629,736,1
5630,389,1
5631,706,1
5632,577,1
5633,397,1
5634,71,1
5635,320,1
5636,480,1
5637,712,1
5638,753,1
5639,356,1
5640,1010,0
5641,403,1
5642,462,1
5643,683,1
5644,418,1
5645,654,1
5646,372,1
5647,67,1
5648,196,1
5649,217,1
5650,770,1
5651,318,1
5652,279,1
5653,757,1
5654,162,1
5655,698,1
5656,226,1
5657,329,1
5658,469,1
5659,961,1
5660,860,1
5661,926,1
5662,862,1
5663,940,1
5664,94,1
5665,221,1
5666,73,1
5667,137,1
5668,491,1
5669,100,1
5670,306,1
5671,186,1
5672,200,1
5673,434,1
5674,527,1
5675,234,1
5676,757,1
5677,390,1
5678,793,1
5679,578,1
5680,968,1
5681,486,1
5682,969,1
5683,746,1
5684,837,1
5685,324,1
5686,223,1
5687,208,1
5688,666,1
5689,922,1
5690,872,1
5691,990,1
5692,763,1
5693,160,1
5694,65,1
5695,734,1
5696,769,1
5697,392,1
5698,503,1
5699,684,1
5700,983,1
5701,849,1
5702,545,1
5703,872,1
5704,202,1
5705,425,1
5706,189,1
5707,891,1
5708,575,1
5709,42,1
5710,943,1
5711,575,1
5712,723,1
5713,699,1
5714,568,1
5715,443,1
5716,170,1
5717,25,1
5718,425,1
5719,571,1
5720,306,1
5721,317,1
5722,209,1
5723,149,1
5724,368,1
5725,294,1
5726,318,1
5727,730,1
5728,705,1
5729,1018,0
5730,494,1
5731,202,1
5732,545,1
5733,677,1
5734,576,1
5735,107,1
5736,418,1
5737,144,1
5738,1010,0
5739,932,1
5740,788,1
5741,154,1
5742,52,1
5743,677,1
5744,393,1
5745,404,1
5746,648,1
5747,637,1
5748,671,1
5749,529,1
5750,27,1
5751,221,1
5752,448,1
5753,648,1
5754,991,1
5755,163,1
5756,990,1
5757,667,1
5758,372,1
5759,674,1
5760,899,1
5761,898,1
5762,394,1
5763,756,1
5764,722,1
5765,597,1
5766,981,1
5767,153,1
5768,815,1
5769,703,1
5770,983,1
5771,121,1
5772,847,1
5773,659,1
5774,197,1
5775,1012,0
5776,279,1
5777,314,1
5778,655,1
5779,862,1
5780,1004,0
5781,542,1
5782,253,1
5783,106,1
5784,652,1
5785,249,1
5786,373,1
5787,806,1
5788,796,1
5789,238,1
5790,847,1
5791,217,1
5792,160,1
5793,854,1
5794,147,1
5795,366,1
5796,42,1
5797,132,1
5798,118,1
5799,381,1
5800,49,1
5801,550,1
5802,384,1
5803,593,1
5804,740,1
5805,117,1
5806,753,1
5807,762,1
5808,316,1
5809,629,1
5810,19,1
5811,781,1
5812,384,1
5813,708,1
5814,93,1
5815,30,1
5816,30,1
5817,86,1
5818,263,1
5819,207,1
5820,485,1
5821,206,1
5822,756,1
5823,34,1
5824,93,1
5825,824,1
5826,822,1
5827,436,1
5828,83,1
5829,591,1
5830,874,1
5831,226,1
5832,789,1
5833,302,1
5834,560,1
5835,9,1
5836,243,1
5837,453,1
5838,746,1
5839,64,1
5840,531,1
5841,592,1
5842,995,1
5843,447,1
5844,693,1
5845,787,1
5846,351,1
5847,854,1
5848,193,1
5849,53,1
5850,308,1
5851,851,1
5852,560,1
5853,416,1
5854,71,1
5855,559,1
5856,620,1
5857,413,1
5858,801,1
5859,949,1
5860,634,1
5861,713,1
5862,225,1
5863,766,1
5864,712,1
5865,27,1
5866,547,1
5867,626,1
5868,544,1
5869,991,1
5870,837,1
5871,401,1
5872,629,1
5873,731,1
5874,643,1
5875,390,1
5876,948,1
5877,362,1
5878,95,1
5879,912,1
5880,942,1
5881,668,1
5882,639,1
5883,496,1
5884,554,1
5885,268,1
5886,805,1
5887,429,1
5888,759,1
5889,581,1
5890,99,1
5891,512,1
5892,610,1
5893,195,1
5894,196,1
5895,584,1
5896,79,1
5897,884,1
5898,279,1
5899,321,1
5900,286,1
5901,541,1
5902,630,1
5903,902,1
5904,230,1
5905,88,1
5906,960,1
5907,363,1
5908,976,1
5909,142,1
5910,716,1
5911,188,1
5912,247,1
5913,1,1
5914,483,1
5915,750,1
5916,90,1
5917,831,1
5918,176,1
5919,2,1
5920,642,1
5921,420,1
5922,5,1
5923,639,1
5924,384,1
5925,901,1
5926,841,1
5927,598,1
5928,809,1
5929,856,1
5930,364,1
5931,888,1
5932,435,1
5933,480,1
5934,77,1
5935,729,1
5936,609,1
5937,205,1
5938,398,1
5939,654,1
5940,701,1
5941,151,1
5942,348,1
5943,923,1
5944,882,1
5945,470,1
5946,635,1
5947,836,1
5948,232,1
5949,941,1
5950,461,1
5951,264,1
5952,143,1
5953,893,1
5954,159,1
5955,660,1
5956,465,1
5957,607,1
5958,679,1
5959,103,1
5960,896,1
5961,183,1
5962,945,1
5963,382,1
5964,902,1
5965,721,1
5966,459,1
5967,717,1
5968,59,1
5969,560,1
5970,939,1
5971,533,1
5972,567,1
5973,113,1
5974,401,1
5975,514,1
5976,983,1
5977,73,1
5978,589,1
5979,266,1
5980,807,1
5981,1005,0
5982,522,1
5983,390,1
5984,192,1
5985,895,1
5986,284,1
5987,965,1
5988,915,1
5989,410,1
5990,138,1
5991,459,1
5992,62,1
5993,535,1
5994,753,1
5995,314,1
5996,840,1
5997,367,1
5998,206,1
5999,854,1
6000,422,1
6001,829,1
6002,531,1
6003,78,1
6004,264,1
6005,348,1
6006,853,1
6007,817,1
6008,229,1
6009,890,1
6010,308,1
6011,909,1
6012,880,1
6013,379,1
6014,630,1
6015,491,1
6016,215,1
6017,191,1
6018,532,1
6019,442,1
6020,917,1
6021,126,1
6022,87,1
6023,423,1
6024,1013,0
6025,685,1
6026,679,1
6027,559,1
6028,59,1
6029,944,1
6030,347,1
6031,732,1
6032,729,1
6033,682,1
6034,942,1
6035,374,1
6036,547,1
6037,1007,0
6038,252,1
6039,670,1
6040,383,1
6041,407,1
6042,917,1
6043,915,1
6044,884,1
6045,41,1
6046,112,1
6047,567,1
6048,390,1
6049,412,1
6050,217,1
6051,625,1
6052,740,1
6053,897,1
6054,589,1
6055,631,1
6056,678,1
6057,909,1
6058,980,1
6059,53,1
6060,68,1
6061,389,1
6062,588,1
6063,576,1
6064,518,1
6065,463,1
6066,734,1
6067,87,1
6068,869,1
6069,481,1
6070,713,1
6071,57,1
6072,343,1
6073,187,1
6074,530,1
6075,755,1
6076,613,1
6077,530,1
6078,109,1
6079,436,1
6080,691,1
6081,753,1
6082,106,1
6083,661,1
6084,162,1
6085,686,1
6086,791,1
6087,989,1
6088,901,1
6089,597,1
6090,780,1
6091,91,1
6092,991,1
6093,622,1
6094,904,1
6095,753,1
6096,504,1
6097,26,1
6098,713,1
6099,252,1
6100,330,1
6101,215,1
6102,908,1
6103,548,1
6104,46,1
6105,342,1
6106,997,1
6107,308,1
6108,205,1
6109,981,1
6110,233,1
6111,889,1
6112,305,1
6113,1018,0
6114,398,1
6115,713,1
6116,454,1
6117,1011,0
6118,523,1
6119,154,1
6120,584,1
6121,899,1
6122,453,1
6123,60,1
6124,666,1
6125,843,1
6126,779,1
6127,163,1
6128,533,1
6129,186,1
6130,422,1
6131,72,1
6132,1000,1
6133,954,1
6134,853,1
6135,253,1
6136,571,1
6137,464,1
6138,965,1
6139,569,1
6140,62,1
6141,438,1
6142,412,1
6143,879,1
6144,305,1
6145,469,1
6146,209,1
6147,696,1
6148,826,1
6149,382,1
6150,845,1
6151,273,1
6152,591,1
6153,1022,0
6154,935,1
6155,359,1
6156,425,1
6157,353,1
6158,660,1
6159,489,1
6160,475,1
6161,393,1
6162,139,1
6163,509,1
6164,235,1
6165,726,1
6166,416,1
6167,273,1
6168,680,1
6169,491,1
6170,326,1
6171,226,1
6172,536,1
6173,952,1
6174,1012,0
6175,764,1
6176,666,1
6177,259,1
6178,510,1
6179,545,1
6180,952,1
6181,858,1
6182,848,1
6183,227,1
6184,137,1
6185,550,1
6186,426,1
6187,507,1
6188,951,1
6189,743,1
6190,81,1
6191,764,1
6192,881,1
6193,622,1
6194,908,1
6195,618,1
6196,598,1
6197,782,1
6198,913,1
6199,771,1
6200,218,1
6201,78,1
6202,598,1
6203,431,1
6204,969,1
6205,710,1
6206,74,1
6207,533,1
6208,837,1
6209,1023,0
6210,161,1
6211,661,1
6212,289,1
6213,817,1
6214,358,1
6215,314,1
6216,494,1
6217,355,1
6218,950,1
6219,790,1
6220,33,1
6221,354,1
6222,201,1
6223,865,1
6224,700,1
6225,741,1
6226,434,1
6227,762,1
6228,1005,0
6229,707,1
6230,163,1
6231,820,1
6232,460,1
6233,3,1
6234,15,1
6235,899,1
6236,379,1
6237,757,1
6238,217,1
6239,775,1
6240,413,1
6241,509,1
6242,666,1
6243,297,1
6244,461,1
6245,1003,0
6246,716,1
6247,476,1
6248,621,1
6249,582,1
6250,644,1
6251,188,1
6252,929,1
6253,456,1
6254,910,1
6255,987,1
6256,926,1
6257,852,1
6258,235,1
6259,88,1
6260,844,1
6261,603,1
6262,629,1
6263,19,1
6264,731,1
6265,506,1
6266,467,1
6267,183,1
6268,434,1
6269,878,1
6270,885,1
6271,633,1
6272,884,1
6273,874,1
6274,978,1
6275,74,1
6276,883,1
6277,713,1
6278,802,1
6279,303,1
6280,284,1
6281,85,1
6282,885,1
6283,169,1
6284,182,1
6285,543,1
6286,445,1
6287,301,1
6288,687,1
6289,628,1
6290,997,1
6291,972,1
6292,845,1
6293,149,1
6294,226,1
6295,935,1
6296,121,1
6297,768,1
6298,599,1
6299,758,1
6300,348,1
6301,223,1
6302,242,1
6303,984,1
6304,508,1
6305,659,1
6306,443,1
6307,904,1
6308,994,1
6309,904,1
6310,698,1
6311,249,1
6312,294,1
6313,790,1
6314,85,1
6315,222,1
6316,433,1
6317,564,1
6318,675,1
6319,575,1
6320,207,1
6321,958,1
6322,848,1
6323,645,1
6324,733,1
6325,759,1
6326,295,1
6327,1011,0
6328,679,1
6329,73,1
6330,168,1
6331,573,1
6332,196,1
6333,144,1
6334,242,1
6335,444,1
6336,747,1
6337,443,1
6338,788,1
6339,643,1
6340,799,1
6341,723,1
6342,192,1
6343,252,1
6344,200,1
6345,658,1
6346,249,1
6347,452,1
6348,967,1
6349,970,1
6350,301,1
6351,763,1
6352,525,1
6353,266,1
6354,925,1
6355,615,1
6356,737,1
6357,902,1
6358,648,1
6359,785,1
6360,576,1
6361,864,1
6362,951,1
6363,912,1
6364,912,1
6365,810,1
6366,162,1
6367,347,1
6368,888,1
6369,906,1
6370,651,1
6371,135,1
6372,676,1
6373,421,1
6374,410,1
6375,664,1
6376,194,1
6377,348,1
6378,353,1
6379,182,1
6380,203,1
6381,321,1
6382,895,1
6383,710,1
6384,583,1
6385,873,1
6386,54,1
6387,1012,0
6388,84,1
6389,703,1
6390,435,1
6391,821,1
6392,88,1
6393,132,1
6394,475,1
6395,574,1
6396,620,1
6397,979,1
6398,367,1
6399,194,1
6400,143,1
6401,274,1
6402,603,1
6403,10,1
6404,849,1
6405,550,1
6406,674,1
6407,532,1
6408,288,1
6409,11,1
6410,279,1
6411,754,1
6412,74,1
6413,79,1
6414,453,1
6415,150,1
6416,918,1
6417,677,1
6418,251,1
6419,80,1
6420,765,1
6421,865,1
6422,479,1
6423,34,1
6424,660,1
6425,338,1
6426,941,1
6427,445,1
6428,103,1
6429,516,1
6430,950,1
6431,203,1
6432,848,1
6433,52,1
6434,250,1
6435,348,1
6436,129,1
6437,943,1
6438,860,1
6439,1025,0
6440,679,1
6441,202,1
6442,109,1
6443,120,1
6444,409,1
6445,68,1
6446,343,1
6447,25,1
6448,264,1
6449,802,1
6450,148,1
6451,29,1
6452,848,1
6453,248,1
6454,585,1
6455,196,1
6456,856,1
6457,216,1
6458,697,1
6459,3,1
6460,755,1
6461,207,1
6462,530,1
6463,766,1
6464,977,1
6465,934,1
6466,635,1
6467,850,1
6468,326,1
6469,939,1
6470,925,1
6471,793,1
6472,452,1
6473,641,1
6474,252,1
6475,216,1
6476,709,1
6477,198,1
6478,736,1
6479,499,1
6480,377,1
6481,939,1
6482,628,1
6483,568,1
6484,501,1
6485,833,1
6486,337,1
6487,408,1
6488,578,1
6489,504,1
6490,294,1
6491,18,1
6492,387,1
6493,378,1
6494,442,1
6495,29,1
6496,15,1
6497,1009,0
6498,25,1
6499,359,1
6500,647,1
6501,327,1
6502,324,1
6503,780,1
6504,23,1
6505,1015,0
6506,262,1
6507,901,1
6508,278,1
6509,769,1
6510,447,1
6511,80,1
6512,527,1
6513,908,1
6514,860,1
6515,91,1
6516,183,1
6517,357,1
6518,619,1
6519,468,1
6520,128,1
6521,914,1
6522,711,1
6523,535,1
6524,1012,0
6525,802,1
6526,570,1
6527,160,1
6528,438,1
6529,36,1
6530,456,1
6531,331,1
6532,802,1
6533,361,1
6534,598,1
6535,437,1
6536,525,1
6537,486,1
6538,978,1
6539,410,1
6540,623,1
6541,72,1
6542,893,1
6543,978,1
6544,594,1
6545,832,1
6546,803,1
6547,471,1
6548,931,1
6549,606,1
6550,778,1
6551,261,1
6552,640,1
6553,503,1
6554,686,1
6555,367,1
6556,122,1
6557,342,1
6558,910,1
6559,816,1
6560,611,1
6561,130,1
6562,319,1
6563,192,1
6564,373,1
6565,182,1
6566,372,1
6567,150,1
6568,562,1
6569,696,1
6570,893,1
6571,506,1
6572,354,1
6573,804,1
6574,217,1
6575,127,1
6576,236,1
6577,61,1
6578,72,1
6579,717,1
6580,811,1
6581,184,1
6582,891,1
6583,509,1
6584,85,1
6585,843,1
6586,324,1
6587,264,1
6588,69,1
6589,843,1
6590,634,1
6591,472,1
6592,189,1
6593,583,1
6594,49,1
6595,699,1
6596,894,1
6597,205,1
6598,612,1
6599,4,1
6600,484,1
6601,609,1
6602,985,1
6603,201,1
6604,567,1
6605,104,1
6606,946,1
6607,299,1
6608,41,1
6609,419,1
6610,747,1
6611,951,1
6612,79,1
6613,651,1
6614,285,1
6615,519,1
6616,567,1
6617,565,1
6618,69,1
6619,888,1
6620,34,1
6621,693,1
6622,311,1
6623,534,1
6624,150,1
6625,26,1
6626,779,1
6627,271,1
6628,287,1
6629,670,1
6630,301,1
6631,196,1
6632,116,1
6633,1019,0
6634,349,1
6635,807,1
6636,742,1
6637,771,1
6638,361,1
6639,1006,0
6640,326,1
6641,925,1
6642,423,1
6643,449,1
6644,164,1
6645,297,1
6646,842,1
6647,487,1
6648,536,1
6649,993,1
6650,931,1
6651,984,1
6652,376,1
6653,844,1
6654,361,1
6655,820,1
6656,586,1
6657,905,1
6658,72,1
6659,384,1
6660,962,1
6661,256,1
6662,450,1
6663,540,1
6664,262,1
6665,1009,0
6666,633,1
6667,243,1
6668,808,1
6669,17,1
6670,521,1
6671,801,1
6672,778,1
6673,577,1
6674,424,1
6675,799,1
6676,779,1
6677,444,1
6678,1008,0
6679,677,1
6680,339,1
6681,466,1
6682,992,1
6683,509,1
6684,136,1
6685,631,1
6686,410,1
6687,822,1
6688,7,1
6689,857,1
6690,879,1
6691,111,1
6692,793,1
6693,640,1
6694,549,1
6695,402,1
6696,134,1
6697,466,1
6698,1013,0
6699,272,1
6700,96,1
6701,614,1
6702,852,1
6703,26,1
6704,567,1
6705,648,1
6706,38,1
6707,769,1
6708,852,1
6709,963,1
6710,239,1
6711,398,1
6712,394,1
6713,645,1
6714,237,1
6715,570,1
6716,645,1
6717,558,1
6718,437,1
6719,869,1
6720,29,1
6721,737,1
6722,675,1
6723,595,1
6724,425,1
6725,366,1
6726,911,1
6727,742,1
6728,985,1
6729,204,1
6730,861,1
6731,584,1
6732,972,1
6733,74,1
6734,368,1
6735,517,1
6736,559,1
6737,198,1
6738,739,1
6739,635,1
6740,958,1
6741,296,1
6742,897,1
6743,918,1
6744,250,1
6745,792,1
6746,81,1
6747,117,1
6748,595,1
6749,746,1
6750,427,1
6751,892,1
6752,80,1
6753,468,1
6754,940,1
6755,166,1
6756,856,1
6757,170,1
6758,446,1
6759,812,1
6760,633,1
6761,46,1
6762,968,1
6763,142,1
6764,990,1
6765,427,1
6766,349,1
6767,866,1
6768,252,1
6769,709,1
6770,878,1
6771,256,1
6772,319,1
6773,938,1
6774,992,1
6775,665,1
6776,485,1
6777,621,1
6778,528,1
6779,540,1
6780,714,1
6781,791,1
6782,349,1
6783,522,1
6784,738,1
6785,91,1
6786,304,1
6787,891,1
6788,1021,0
6789,997,1
6790,332,1
6791,773,1
6792,623,1
6793,1,1
6794,240,1
6795,501,1
6796,447,1
6797,85,1
6798,504,1
6799,556,1
6800,560,1
6801,16,1
6802,181,1
6803,557,1
6804,6,1
6805,436,1
6806,802,1
6807,520,1
6808,236,1
6809,573,1
6810,443,1
6811,917,1
6812,223,1
6813,27,1
6814,464,1
6815,441,1
6816,413,1
6817,737,1
6818,504,1
6819,355,1
6820,209,1
6821,196,1
6822,676,1
6823,602,1
6824,422,1
6825,363,1
6826,118,1
6827,1006,0
6828,147,1
6829,580,1
6830,290,1
6831,80,1
6832,8,1
6833,526,1
6834,178,1
6835,657,1
6836,851,1
6837,564,1
6838,259,1
6839,680,1
6840,417,1
6841,311,1
6842,225,1
6843,803,1
6844,98,1
6845,890,1
6846,125,1
6847,711,1
6848,328,1
6849,394,1
6850,241,1
6851,539,1
6852,902,1
6853,139,1
6854,6,1
6855,8,1
6856,645,1
6857,640,1
6858,708,1
6859,715,1
6860,617,1
6861,514,1
6862,748,1
6863,221,1
6864,452,1
6865,396,1
6866,166,1
6867,364,1
6868,449,1
6869,183,1
6870,10,1
6871,398,1
6872,100,1
6873,751,1
6874,888,1
6875,1015,0
6876,610,1
6877,357,1
6878,479,1
6879,141,1
6880,571,1
6881,126,1
6882,245,1
6883,931,1
6884,422,1
6885,235,1
6886,887,1
6887,712,1
6888,159,1
6889,738,1
6890,504,1
6891,199,1
6892,126,1
6893,71,1
6894,545,1
6895,859,1
6896,142,1
6897,90,1
6898,181,1
6899,343,1
6900,0,1
6901,173,1
6902,579,1
6903,265,1
6904,835,1
6905,582,1
6906,884,1
6907,237,1
6908,267,1
6909,381,1
6910,694,1
6911,989,1
6912,739,1
6913,205,1
6914,728,1
6915,628,1
6916,121,1
6917,299,1
6918,662,1
6919,204,1
6920,646,1
6921,185,1
6922,841,1
6923,898,1
6924,323,1
6925,350,1
6926,317,1
6927,61,1
6928,677,1
6929,604,1
6930,374,1
6931,591,1
6932,986,1
6933,75,1
6934,307,1
6935,76,1
6936,73,1
6937,682,1
6938,791,1
6939,772,1
6940,134,1
6941,711,1
6942,918,1
6943,451,1
6944,103,1
6945,460,1
6946,604,1
6947,614,1
6948,193,1
6949,131,1
6950,167,1
6951,186,1
6952,817,1
6953,181,1
6954,966,1
6955,704,1
6956,10,1
6957,714,1
6958,36,1
6959,366,1
6960,13,1
6961,235,1
6962,749,1
6963,1001,0
6964,724,1
6965,155,1
6966,64,1
6967,166,1
6968,883,1
6969,302,1
6970,637,1
6971,240,1
6972,806,1
6973,955,1
6974,334,1
6975,755,1
6976,923,1
6977,50,1
6978,256,1
6979,924,1
6980,938,1
6981,410,1
6982,459,1
6983,239,1
6984,279,1
6985,117,1
6986,885,1
6987,276,1
6988,899,1
6989,1012,0
6990,305,1
6991,299,1
6992,789,1
6993,311,1
6994,290,1
6995,245,1
6996,933,1
6997,322,1
6998,831,1
6999,488,1
7000,886,1
7001,513,1
7002,53,1
7003,375,1
7004,804,1
7005,585,1
7006,315,1
7007,196,1
7008,144,1
7009,630,1
7010,331,1
7011,564,1
7012,143,1
7013,193,1
7014,887,1
7015,586,1
7016,217,1
7017,931,1
7018,39,1
7019,325,1
7020,345,1
7021,702,1
7022,614,1
7023,462,1
7024,607,1
7025,683,1
7026,345,1
7027,286,1
7028,841,1
7029,218,1
7030,574,1
7031,193,1
7032,209,1
7033,199,1
7034,717,1
7035,25,1
7036,121,1
7037,683,1
7038,397,1
7039,992,1
7040,878,1
7041,864,1
7042,126,1
7043,921,1
7044,67,1
7045,281,1
7046,659,1
7047,931,1
7048,796,1
7049,186,1
7050,672,1
7051,415,1
7052,236,1
7053,66,1
7054,967,1
7055,697,1
7056,324,1
7057,945,1
7058,968,1
7059,291,1
7060,556,1
7061,232,1
7062,151,1
7063,594,1
7064,668,1
7065,32,1
7066,920,1
7067,742,1
7068,657,1
7069,352,1
7070,544,1
7071,80,1
7072,758,1
7073,100,1
7074,943,1
7075,165,1
7076,544,1
7077,469,1
7078,535,1
7079,342,1
7,,
